CREATE DATABASE Magna;
USE Magna;

-------------------------------------------------------------------------------------------------------------------------------------

-- TABELA USUARIO

CREATE TABLE usuario(
	idUsuario INT PRIMARY KEY AUTO_INCREMENT, -- IDENTITY(1,1)
	nome VARCHAR(100),
    email VARCHAR(100) NOT NULL UNIQUE,
    senha VARCHAR(60) NOT NULL,
    cpf CHAR(11) UNIQUE,
    dtNasc DATE,
    createdAt DATETIME DEFAULT CURRENT_TIMESTAMP
);

-- DADOS DA TABELA USUARIO

insert into usuario (nome, email, senha, cpf, dtnasc) values
	('Heloisa Brito', 'heloisa@sptech.com', 'heloisa.sptech123', '11111111100', '1997-04-06'),
	('Maria Eduarda', 'mariaeduarda@sptech.com', 'duda.sptech123', '22222222200', '2002-05-06'),
	('Guilherme Delfino', 'guilhermedelfino@sptech.com', 'delfino.sptech123', '33333333300', '2000-11-23'),
	('Guilherme Benassi', 'guilhermebenassi@sptech.com', 'benassi.sptech123', '44444444400', '2001-10-13'),
	('Lincoln Ferreira', 'lincoln@sptech.com', 'lincoln.sptech123', '55555555500', '1999-07-05'),
	('Pedro Freitas', 'pedro@sptech.com', 'pedro.sptech123', '66666666600', '2002-09-29');

select * from usuario;

-------------------------------------------------------------------------------------------------------------------------------------

-- TABELA SHOPPING

CREATE TABLE Shopping(
	idShopping INT PRIMARY KEY AUTO_INCREMENT,
    nomeShopping VARCHAR(100) NOT NULL,
    cnpj CHAR(14) UNIQUE NOT NULL,
    telefone CHAR(11) NOT NULL,
    cep CHAR(8),
    numeroEndereco INT,
    CONSTRAINT ct_ckNumeroEndereco CHECK (numeroEndereco > 0) -- CHECK
);

-- DADOS DA TABELA SHOPPING

insert into shopping (nomeShopping, cnpj, telefone, cep, numeroEndereco) values
	('Shopping Itaquera','10341684000149','1120403635','08220900', 200),
	('Shopping Aricanduva','2260467000104','1134442000','03526000', 5555),
	('Shopping Eldorado','9247007000187','1121977800','05402600', 3970);
    
select * from shopping;

-------------------------------------------------------------------------------------------------------------------------------------

-- TABELA LOGIN

CREATE TABLE Login(
	idLogin INT AUTO_INCREMENT,
    fkShopping INT NOT NULL,
    fkUsuario INT NOT NULL,
    permissaoUsuario CHAR(3) DEFAULT 'ADM',
    CONSTRAINT ct_ckPermissaoUsuario CHECK(permissaoUsuario in ('ADM', 'MAS', 'MON')), --
    -- ADM = ADMINISTRADOR = PODE LER, ADICIONAR SETORES E SENSORES
    -- MAS = MASTER = PRIMEIRO CNPJ = PODE TUDO
    -- MON = MONITOR = PODE LER
    FOREIGN KEY (fkShopping) REFERENCES Shopping(idShopping),
    FOREIGN KEY (fkUsuario) REFERENCES Usuario(idUsuario),
	
    PRIMARY KEY (idLogin, fkShopping, fkUsuario)
    -- CHAVE PRIMARIA COMPOSTA
);

select * from login;

-------------------------------------------------------------------------------------------------------------------------------------

-- TABELA SETOR

CREATE TABLE Setor(
	idSetor INT PRIMARY KEY AUTO_INCREMENT,
    apelidoSetor VARCHAR(60) NOT NULL,
    assentosDisponiveis INT NOT NULL CHECK (assentosDisponiveis > 0),
	fkShopping INT,
    FOREIGN KEY (fkShopping) REFERENCES Shopping(idShopping)
);

-- DADOS DA TABELA SETOR

-- SHOPPING ITAQUERA
insert into setor (apelidoSetor, assentosDisponiveis, fkShopping) values
	('Norte','200', 1),
	('Sul','150', 1),
	('Leste','300', 1),
	('Oeste','250', 1);

-- SHOPPING ARICANDUVA
insert into setor (apelidoSetor, assentosDisponiveis, fkShopping) values
	('Azul','500', 2),
	('Vermelho','300', 2);

-- SHOOPING ELDORADO
insert into setor (apelidoSetor, assentosDisponiveis, fkShopping) values
	('Alameda Jardins','250', 3),
	('Térreo','300', 3),
	('Pinheiros','150', 3);
    
select * from setor;

-------------------------------------------------------------------------------------------------------------------------------------

-- TABELA SENSOR

CREATE TABLE Sensor(
	idSensor INT PRIMARY KEY AUTO_INCREMENT,
	fkSetor INT,
    FOREIGN KEY (fkSetor) REFERENCES Setor(idSetor)
); 

-- SHOPPING ITAQUERA
insert into sensor (fkSetor) values (1), (2), (3), (4);

select * from sensor;

-------------------------------------------------------------------------------------------------------------------------------------

-- TABELA REGISTRO

CREATE TABLE Registro(
	idRegistro INT AUTO_INCREMENT,
    dataCaptura DATETIME NOT NULL DEFAULT CURRENT_TIMESTAMP,
    captura CHAR(1) NOT NULL DEFAULT 0 CHECK (captura in (0,1)),-- 0 não tem ngm e 1 tem
	fkSensor INT NOT NULL,
    FOREIGN KEY (fkSensor) REFERENCES Sensor (idSensor),
    PRIMARY KEY(idRegistro, fkSensor)
); 

-- DADOS DA TABELA REGISTRO

-- SHOPPING ITAQUERA - DIA 20/05/2022
insert into Registro (dataCaptura, captura, fkSensor) values
	('2022-05-20', 0, 1),
	('2022-05-20', 0, 1),
	('2022-05-20', 0, 1),
	('2022-05-20', 0, 1),
	('2022-05-20', 0, 1),
	('2022-05-20', 0, 1),
	('2022-05-20', 0, 1),
	('2022-05-20', 0, 1),
	('2022-05-20', 0, 1),
	('2022-05-20', 0, 1),
	('2022-05-20', 0, 1),
	('2022-05-20', 0, 1),
	('2022-05-20', 0, 1),
	('2022-05-20', 0, 1),
	('2022-05-20', 0, 1),
	('2022-05-20', 0, 1),
	('2022-05-20', 0, 1),
	('2022-05-20', 0, 1),
	('2022-05-20', 0, 1),
	('2022-05-20', 0, 1),
	('2022-05-20', 0, 1),
	('2022-05-20', 0, 1),
	('2022-05-20', 0, 1),
	('2022-05-20', 0, 1),
	('2022-05-20', 0, 1),
	('2022-05-20', 0, 1),
	('2022-05-20', 0, 1),
	('2022-05-20', 0, 1),
	('2022-05-20', 0, 1),
	('2022-05-20', 0, 1),
	('2022-05-20', 0, 1),
	('2022-05-20', 0, 1),
	('2022-05-20', 0, 1),
	('2022-05-20', 0, 1),
	('2022-05-20', 0, 1),
	('2022-05-20', 0, 1),
	('2022-05-20', 0, 1),
	('2022-05-20', 0, 1),
	('2022-05-20', 0, 1),
	('2022-05-20', 0, 1),
	('2022-05-20', 0, 1),
	('2022-05-20', 0, 1),
	('2022-05-20', 0, 1),
	('2022-05-20', 0, 1),
	('2022-05-20', 0, 1),
	('2022-05-20', 0, 1),
	('2022-05-20', 0, 1),
	('2022-05-20', 0, 1),
	('2022-05-20', 0, 1),
	('2022-05-20', 0, 1),
	('2022-05-20', 0, 1),
	('2022-05-20', 0, 1),
	('2022-05-20', 0, 1),
	('2022-05-20', 0, 1),
	('2022-05-20', 0, 1),
	('2022-05-20', 0, 1),
	('2022-05-20', 0, 1),
	('2022-05-20', 0, 1),
	('2022-05-20', 0, 1),
	('2022-05-20', 0, 1),
	('2022-05-20', 0, 1),
	('2022-05-20', 0, 1),
	('2022-05-20', 0, 1),
	('2022-05-20', 0, 1),
	('2022-05-20', 0, 1),
	('2022-05-20', 0, 1),
	('2022-05-20', 0, 1),
	('2022-05-20', 0, 1),
	('2022-05-20', 0, 1),
	('2022-05-20', 0, 1),
	('2022-05-20', 0, 1),
	('2022-05-20', 0, 1),
	('2022-05-20', 0, 1),
	('2022-05-20', 0, 1),
	('2022-05-20', 0, 1),
	('2022-05-20', 0, 1),
	('2022-05-20', 0, 1),
	('2022-05-20', 0, 1),
	('2022-05-20', 0, 1),
	('2022-05-20', 0, 1),
	('2022-05-20', 0, 1),
	('2022-05-20', 0, 1),
	('2022-05-20', 0, 1),
	('2022-05-20', 0, 1),
	('2022-05-20', 0, 1),
	('2022-05-20', 0, 1),
	('2022-05-20', 0, 1),
	('2022-05-20', 0, 1),
	('2022-05-20', 0, 1),
	('2022-05-20', 0, 1),
	('2022-05-20', 0, 1),
	('2022-05-20', 0, 1),
	('2022-05-20', 0, 1),
	('2022-05-20', 0, 1),
	('2022-05-20', 0, 1),
	('2022-05-20', 0, 1),
	('2022-05-20', 0, 1),
	('2022-05-20', 0, 1),
	('2022-05-20', 0, 1),
	('2022-05-20', 0, 1),
	('2022-05-20', 0, 1),
	('2022-05-20', 0, 1),
	('2022-05-20', 0, 1),
	('2022-05-20', 0, 1),
	('2022-05-20', 0, 1),
	('2022-05-20', 0, 1),
	('2022-05-20', 0, 1),
	('2022-05-20', 0, 1),
	('2022-05-20', 0, 1),
	('2022-05-20', 0, 1),
	('2022-05-20', 0, 1),
	('2022-05-20', 0, 1),
	('2022-05-20', 1, 1),
	('2022-05-20', 1, 1),
	('2022-05-20', 1, 1),
	('2022-05-20', 1, 1),
	('2022-05-20', 1, 1),
	('2022-05-20', 1, 1),
	('2022-05-20', 1, 1),
	('2022-05-20', 1, 1),
	('2022-05-20', 1, 1),
	('2022-05-20', 1, 1),
	('2022-05-20', 1, 1),
	('2022-05-20', 1, 1),
	('2022-05-20', 1, 1),
	('2022-05-20', 1, 1),
	('2022-05-20', 1, 1),
	('2022-05-20', 1, 1),
	('2022-05-20', 1, 1),
	('2022-05-20', 1, 1),
	('2022-05-20', 1, 1),
	('2022-05-20', 1, 1),
	('2022-05-20', 1, 1),
	('2022-05-20', 1, 1),
	('2022-05-20', 1, 1),
	('2022-05-20', 1, 1),
	('2022-05-20', 1, 1),
	('2022-05-20', 1, 1),
	('2022-05-20', 1, 1),
	('2022-05-20', 1, 1),
	('2022-05-20', 1, 1),
	('2022-05-20', 1, 1),
	('2022-05-20', 1, 1),
	('2022-05-20', 1, 1),
	('2022-05-20', 1, 1),
	('2022-05-20', 1, 1),
	('2022-05-20', 1, 1),
	('2022-05-20', 1, 1),
	('2022-05-20', 1, 1),
	('2022-05-20', 1, 1),
	('2022-05-20', 1, 1),
	('2022-05-20', 1, 1),
	('2022-05-20', 1, 1),
	('2022-05-20', 1, 1),
	('2022-05-20', 1, 1),
	('2022-05-20', 1, 1),
	('2022-05-20', 1, 1),
	('2022-05-20', 1, 1),
	('2022-05-20', 1, 1),
	('2022-05-20', 1, 1),
	('2022-05-20', 1, 1),
	('2022-05-20', 1, 1),
	('2022-05-20', 1, 1),
	('2022-05-20', 1, 1),
	('2022-05-20', 1, 1),
	('2022-05-20', 1, 1),
	('2022-05-20', 1, 1),
	('2022-05-20', 1, 1),
	('2022-05-20', 1, 1),
	('2022-05-20', 1, 1),
	('2022-05-20', 1, 1),
	('2022-05-20', 1, 1),
	('2022-05-20', 1, 1),
	('2022-05-20', 1, 1),
	('2022-05-20', 1, 1),
	('2022-05-20', 1, 1),
	('2022-05-20', 1, 1),
	('2022-05-20', 1, 1),
	('2022-05-20', 1, 1),
	('2022-05-20', 1, 1),
	('2022-05-20', 1, 1),
	('2022-05-20', 1, 1),
	('2022-05-20', 1, 1),
	('2022-05-20', 1, 1),
	('2022-05-20', 1, 1),
	('2022-05-20', 1, 1),
	('2022-05-20', 1, 1),
	('2022-05-20', 1, 1),
	('2022-05-20', 1, 1),
	('2022-05-20', 1, 1),
	('2022-05-20', 1, 1),
	('2022-05-20', 1, 1),
	('2022-05-20', 1, 1),
	('2022-05-20', 1, 1),
	('2022-05-20', 1, 1),
	('2022-05-20', 1, 1),
	('2022-05-20', 1, 1),
	('2022-05-20', 1, 1),
	('2022-05-20', 1, 1),
	('2022-05-20', 1, 1),
	('2022-05-20', 1, 1),
	('2022-05-20', 1, 1),
	('2022-05-20', 1, 1),
	('2022-05-20', 1, 1),
	('2022-05-20', 1, 1),
	('2022-05-20', 1, 1),
	('2022-05-20', 1, 1),
	('2022-05-20', 1, 1),
	('2022-05-20', 1, 1),
	('2022-05-20', 1, 1),
	('2022-05-20', 1, 1),
	('2022-05-20', 1, 1),
	('2022-05-20', 1, 1),
	('2022-05-20', 1, 1),
	('2022-05-20', 1, 1),
	('2022-05-20', 1, 1),
	('2022-05-20', 1, 1),
	('2022-05-20', 1, 1),
	('2022-05-20', 1, 1),
	('2022-05-20', 1, 1),
	('2022-05-20', 1, 1),
	('2022-05-20', 1, 1),
	('2022-05-20', 0, 2),
	('2022-05-20', 0, 2),
	('2022-05-20', 0, 2),
	('2022-05-20', 0, 2),
	('2022-05-20', 0, 2),
	('2022-05-20', 0, 2),
	('2022-05-20', 0, 2),
	('2022-05-20', 0, 2),
	('2022-05-20', 0, 2),
	('2022-05-20', 0, 2),
	('2022-05-20', 0, 2),
	('2022-05-20', 0, 2),
	('2022-05-20', 0, 2),
	('2022-05-20', 0, 2),
	('2022-05-20', 0, 2),
	('2022-05-20', 0, 2),
	('2022-05-20', 0, 2),
	('2022-05-20', 0, 2),
	('2022-05-20', 0, 2),
	('2022-05-20', 0, 2),
	('2022-05-20', 0, 2),
	('2022-05-20', 0, 2),
	('2022-05-20', 0, 2),
	('2022-05-20', 0, 2),
	('2022-05-20', 0, 2),
	('2022-05-20', 0, 2),
	('2022-05-20', 0, 2),
	('2022-05-20', 0, 2),
	('2022-05-20', 0, 2),
	('2022-05-20', 0, 2),
	('2022-05-20', 0, 2),
	('2022-05-20', 0, 2),
	('2022-05-20', 0, 2),
	('2022-05-20', 0, 2),
	('2022-05-20', 0, 2),
	('2022-05-20', 0, 2),
	('2022-05-20', 0, 2),
	('2022-05-20', 0, 2),
	('2022-05-20', 0, 2),
	('2022-05-20', 0, 2),
	('2022-05-20', 0, 2),
	('2022-05-20', 0, 2),
	('2022-05-20', 0, 2),
	('2022-05-20', 0, 2),
	('2022-05-20', 0, 2),
	('2022-05-20', 0, 2),
	('2022-05-20', 0, 2),
	('2022-05-20', 0, 2),
	('2022-05-20', 0, 2),
	('2022-05-20', 0, 2),
	('2022-05-20', 0, 2),
	('2022-05-20', 0, 2),
	('2022-05-20', 0, 2),
	('2022-05-20', 0, 2),
	('2022-05-20', 0, 2),
	('2022-05-20', 0, 2),
	('2022-05-20', 0, 2),
	('2022-05-20', 0, 2),
	('2022-05-20', 0, 2),
	('2022-05-20', 0, 2),
	('2022-05-20', 0, 2),
	('2022-05-20', 0, 2),
	('2022-05-20', 0, 2),
	('2022-05-20', 0, 2),
	('2022-05-20', 0, 2),
	('2022-05-20', 0, 2),
	('2022-05-20', 0, 2),
	('2022-05-20', 0, 2),
	('2022-05-20', 0, 2),
	('2022-05-20', 0, 2),
	('2022-05-20', 0, 2),
	('2022-05-20', 0, 2),
	('2022-05-20', 0, 2),
	('2022-05-20', 0, 2),
	('2022-05-20', 0, 2),
	('2022-05-20', 0, 2),
	('2022-05-20', 0, 2),
	('2022-05-20', 0, 2),
	('2022-05-20', 0, 2),
	('2022-05-20', 0, 2),
	('2022-05-20', 0, 2),
	('2022-05-20', 0, 2),
	('2022-05-20', 0, 2),
	('2022-05-20', 0, 2),
	('2022-05-20', 0, 2),
	('2022-05-20', 0, 2),
	('2022-05-20', 0, 2),
	('2022-05-20', 0, 2),
	('2022-05-20', 0, 2),
	('2022-05-20', 0, 2),
	('2022-05-20', 0, 2),
	('2022-05-20', 0, 2),
	('2022-05-20', 0, 2),
	('2022-05-20', 0, 2),
	('2022-05-20', 0, 2),
	('2022-05-20', 0, 2),
	('2022-05-20', 0, 2),
	('2022-05-20', 0, 2),
	('2022-05-20', 0, 2),
	('2022-05-20', 0, 2),
	('2022-05-20', 0, 2),
	('2022-05-20', 0, 2),
	('2022-05-20', 0, 2),
	('2022-05-20', 0, 2),
	('2022-05-20', 0, 2),
	('2022-05-20', 0, 2),
	('2022-05-20', 0, 2),
	('2022-05-20', 0, 2),
	('2022-05-20', 0, 2),
	('2022-05-20', 0, 2),
	('2022-05-20', 0, 2),
	('2022-05-20', 0, 2),
	('2022-05-20', 0, 2),
	('2022-05-20', 0, 2),
	('2022-05-20', 0, 2),
	('2022-05-20', 0, 2),
	('2022-05-20', 1, 2),
	('2022-05-20', 1, 2),
	('2022-05-20', 1, 2),
	('2022-05-20', 1, 2),
	('2022-05-20', 1, 2),
	('2022-05-20', 1, 2),
	('2022-05-20', 1, 2),
	('2022-05-20', 1, 2),
	('2022-05-20', 1, 2),
	('2022-05-20', 1, 2),
	('2022-05-20', 1, 2),
	('2022-05-20', 1, 2),
	('2022-05-20', 1, 2),
	('2022-05-20', 1, 2),
	('2022-05-20', 1, 2),
	('2022-05-20', 1, 2),
	('2022-05-20', 1, 2),
	('2022-05-20', 1, 2),
	('2022-05-20', 1, 2),
	('2022-05-20', 1, 2),
	('2022-05-20', 1, 2),
	('2022-05-20', 1, 2),
	('2022-05-20', 1, 2),
	('2022-05-20', 1, 2),
	('2022-05-20', 1, 2),
	('2022-05-20', 1, 2),
	('2022-05-20', 1, 2),
	('2022-05-20', 1, 2),
	('2022-05-20', 1, 2),
	('2022-05-20', 1, 2),
	('2022-05-20', 1, 2),
	('2022-05-20', 1, 2),
	('2022-05-20', 1, 2),
	('2022-05-20', 1, 2),
	('2022-05-20', 1, 2),
	('2022-05-20', 1, 2),
	('2022-05-20', 1, 2),
	('2022-05-20', 1, 2),
	('2022-05-20', 1, 2),
	('2022-05-20', 1, 2),
	('2022-05-20', 1, 2),
	('2022-05-20', 1, 2),
	('2022-05-20', 1, 2),
	('2022-05-20', 1, 2),
	('2022-05-20', 1, 2),
	('2022-05-20', 1, 2),
	('2022-05-20', 1, 2),
	('2022-05-20', 1, 2),
	('2022-05-20', 1, 2),
	('2022-05-20', 1, 2),
	('2022-05-20', 1, 2),
	('2022-05-20', 1, 2),
	('2022-05-20', 1, 2),
	('2022-05-20', 1, 2),
	('2022-05-20', 1, 2),
	('2022-05-20', 1, 2),
	('2022-05-20', 1, 2),
	('2022-05-20', 1, 2),
	('2022-05-20', 1, 2),
	('2022-05-20', 1, 2),
	('2022-05-20', 1, 2),
	('2022-05-20', 1, 2),
	('2022-05-20', 1, 2),
	('2022-05-20', 1, 2),
	('2022-05-20', 1, 2),
	('2022-05-20', 1, 2),
	('2022-05-20', 1, 2),
	('2022-05-20', 1, 2),
	('2022-05-20', 1, 2),
	('2022-05-20', 1, 2),
	('2022-05-20', 1, 2),
	('2022-05-20', 1, 2),
	('2022-05-20', 1, 2),
	('2022-05-20', 1, 2),
	('2022-05-20', 1, 2),
	('2022-05-20', 1, 2),
	('2022-05-20', 1, 2),
	('2022-05-20', 1, 2),
	('2022-05-20', 1, 2),
	('2022-05-20', 1, 2),
	('2022-05-20', 1, 2),
	('2022-05-20', 1, 2),
	('2022-05-20', 1, 2),
	('2022-05-20', 1, 2),
	('2022-05-20', 1, 2),
	('2022-05-20', 1, 2),
	('2022-05-20', 1, 2),
	('2022-05-20', 1, 2),
	('2022-05-20', 1, 2),
	('2022-05-20', 1, 2),
	('2022-05-20', 1, 2),
	('2022-05-20', 1, 2),
	('2022-05-20', 1, 2),
	('2022-05-20', 1, 2),
	('2022-05-20', 1, 2),
	('2022-05-20', 1, 2),
	('2022-05-20', 1, 2),
	('2022-05-20', 1, 2),
	('2022-05-20', 1, 2),
	('2022-05-20', 1, 2),
	('2022-05-20', 1, 2),
	('2022-05-20', 1, 2),
	('2022-05-20', 1, 2),
	('2022-05-20', 1, 2),
	('2022-05-20', 1, 2),
	('2022-05-20', 1, 2),
	('2022-05-20', 1, 2),
	('2022-05-20', 1, 2),
	('2022-05-20', 1, 2),
	('2022-05-20', 0, 3),
	('2022-05-20', 0, 3),
	('2022-05-20', 0, 3),
	('2022-05-20', 0, 3),
	('2022-05-20', 0, 3),
	('2022-05-20', 0, 3),
	('2022-05-20', 0, 3),
	('2022-05-20', 0, 3),
	('2022-05-20', 0, 3),
	('2022-05-20', 0, 3),
	('2022-05-20', 0, 3),
	('2022-05-20', 0, 3),
	('2022-05-20', 0, 3),
	('2022-05-20', 0, 3),
	('2022-05-20', 0, 3),
	('2022-05-20', 0, 3),
	('2022-05-20', 0, 3),
	('2022-05-20', 0, 3),
	('2022-05-20', 0, 3),
	('2022-05-20', 0, 3),
	('2022-05-20', 0, 3),
	('2022-05-20', 0, 3),
	('2022-05-20', 0, 3),
	('2022-05-20', 0, 3),
	('2022-05-20', 0, 3),
	('2022-05-20', 0, 3),
	('2022-05-20', 0, 3),
	('2022-05-20', 0, 3),
	('2022-05-20', 0, 3),
	('2022-05-20', 0, 3),
	('2022-05-20', 0, 3),
	('2022-05-20', 0, 3),
	('2022-05-20', 0, 3),
	('2022-05-20', 0, 3),
	('2022-05-20', 0, 3),
	('2022-05-20', 0, 3),
	('2022-05-20', 0, 3),
	('2022-05-20', 0, 3),
	('2022-05-20', 0, 3),
	('2022-05-20', 0, 3),
	('2022-05-20', 0, 3),
	('2022-05-20', 0, 3),
	('2022-05-20', 0, 3),
	('2022-05-20', 0, 3),
	('2022-05-20', 0, 3),
	('2022-05-20', 0, 3),
	('2022-05-20', 0, 3),
	('2022-05-20', 0, 3),
	('2022-05-20', 0, 3),
	('2022-05-20', 0, 3),
	('2022-05-20', 0, 3),
	('2022-05-20', 0, 3),
	('2022-05-20', 0, 3),
	('2022-05-20', 0, 3),
	('2022-05-20', 0, 3),
	('2022-05-20', 0, 3),
	('2022-05-20', 0, 3),
	('2022-05-20', 0, 3),
	('2022-05-20', 0, 3),
	('2022-05-20', 0, 3),
	('2022-05-20', 0, 3),
	('2022-05-20', 0, 3),
	('2022-05-20', 0, 3),
	('2022-05-20', 0, 3),
	('2022-05-20', 0, 3),
	('2022-05-20', 0, 3),
	('2022-05-20', 0, 3),
	('2022-05-20', 0, 3),
	('2022-05-20', 0, 3),
	('2022-05-20', 0, 3),
	('2022-05-20', 0, 3),
	('2022-05-20', 0, 3),
	('2022-05-20', 0, 3),
	('2022-05-20', 0, 3),
	('2022-05-20', 0, 3),
	('2022-05-20', 0, 3),
	('2022-05-20', 0, 3),
	('2022-05-20', 0, 3),
	('2022-05-20', 0, 3),
	('2022-05-20', 0, 3),
	('2022-05-20', 0, 3),
	('2022-05-20', 0, 3),
	('2022-05-20', 0, 3),
	('2022-05-20', 0, 3),
	('2022-05-20', 0, 3),
	('2022-05-20', 0, 3),
	('2022-05-20', 0, 3),
	('2022-05-20', 0, 3),
	('2022-05-20', 0, 3),
	('2022-05-20', 0, 3),
	('2022-05-20', 0, 3),
	('2022-05-20', 0, 3),
	('2022-05-20', 0, 3),
	('2022-05-20', 0, 3),
	('2022-05-20', 0, 3),
	('2022-05-20', 0, 3),
	('2022-05-20', 0, 3),
	('2022-05-20', 0, 3),
	('2022-05-20', 0, 3),
	('2022-05-20', 0, 3),
	('2022-05-20', 0, 3),
	('2022-05-20', 0, 3),
	('2022-05-20', 0, 3),
	('2022-05-20', 0, 3),
	('2022-05-20', 0, 3),
	('2022-05-20', 0, 3),
	('2022-05-20', 0, 3),
	('2022-05-20', 0, 3),
	('2022-05-20', 0, 3),
	('2022-05-20', 0, 3),
	('2022-05-20', 0, 3),
	('2022-05-20', 0, 3),
	('2022-05-20', 0, 3),
	('2022-05-20', 0, 3),
	('2022-05-20', 0, 3),
	('2022-05-20', 0, 3),
	('2022-05-20', 0, 3),
	('2022-05-20', 1, 3),
	('2022-05-20', 1, 3),
	('2022-05-20', 1, 3),
	('2022-05-20', 1, 3),
	('2022-05-20', 1, 3),
	('2022-05-20', 1, 3),
	('2022-05-20', 1, 3),
	('2022-05-20', 1, 3),
	('2022-05-20', 1, 3),
	('2022-05-20', 1, 3),
	('2022-05-20', 1, 3),
	('2022-05-20', 1, 3),
	('2022-05-20', 1, 3),
	('2022-05-20', 1, 3),
	('2022-05-20', 1, 3),
	('2022-05-20', 1, 3),
	('2022-05-20', 1, 3),
	('2022-05-20', 1, 3),
	('2022-05-20', 1, 3),
	('2022-05-20', 1, 3),
	('2022-05-20', 1, 3),
	('2022-05-20', 1, 3),
	('2022-05-20', 1, 3),
	('2022-05-20', 1, 3),
	('2022-05-20', 1, 3),
	('2022-05-20', 1, 3),
	('2022-05-20', 1, 3),
	('2022-05-20', 1, 3),
	('2022-05-20', 1, 3),
	('2022-05-20', 1, 3),
	('2022-05-20', 1, 3),
	('2022-05-20', 1, 3),
	('2022-05-20', 1, 3),
	('2022-05-20', 1, 3),
	('2022-05-20', 1, 3),
	('2022-05-20', 1, 3),
	('2022-05-20', 1, 3),
	('2022-05-20', 1, 3),
	('2022-05-20', 1, 3),
	('2022-05-20', 1, 3),
	('2022-05-20', 1, 3),
	('2022-05-20', 1, 3),
	('2022-05-20', 1, 3),
	('2022-05-20', 1, 3),
	('2022-05-20', 1, 3),
	('2022-05-20', 1, 3),
	('2022-05-20', 1, 3),
	('2022-05-20', 1, 3),
	('2022-05-20', 1, 3),
	('2022-05-20', 1, 3),
	('2022-05-20', 1, 3),
	('2022-05-20', 1, 3),
	('2022-05-20', 1, 3),
	('2022-05-20', 1, 3),
	('2022-05-20', 1, 3),
	('2022-05-20', 1, 3),
	('2022-05-20', 1, 3),
	('2022-05-20', 1, 3),
	('2022-05-20', 1, 3),
	('2022-05-20', 1, 3),
	('2022-05-20', 1, 3),
	('2022-05-20', 1, 3),
	('2022-05-20', 1, 3),
	('2022-05-20', 1, 3),
	('2022-05-20', 1, 3),
	('2022-05-20', 1, 3),
	('2022-05-20', 1, 3),
	('2022-05-20', 1, 3),
	('2022-05-20', 1, 3),
	('2022-05-20', 1, 3),
	('2022-05-20', 1, 3),
	('2022-05-20', 1, 3),
	('2022-05-20', 1, 3),
	('2022-05-20', 1, 3),
	('2022-05-20', 1, 3),
	('2022-05-20', 1, 3),
	('2022-05-20', 1, 3),
	('2022-05-20', 1, 3),
	('2022-05-20', 1, 3),
	('2022-05-20', 1, 3),
	('2022-05-20', 1, 3),
	('2022-05-20', 1, 3),
	('2022-05-20', 1, 3),
	('2022-05-20', 1, 3),
	('2022-05-20', 1, 3),
	('2022-05-20', 1, 3),
	('2022-05-20', 1, 3),
	('2022-05-20', 1, 3),
	('2022-05-20', 1, 3),
	('2022-05-20', 1, 3),
	('2022-05-20', 1, 3),
	('2022-05-20', 1, 3),
	('2022-05-20', 1, 3),
	('2022-05-20', 1, 3),
	('2022-05-20', 1, 3),
	('2022-05-20', 1, 3),
	('2022-05-20', 1, 3),
	('2022-05-20', 1, 3),
	('2022-05-20', 1, 3),
	('2022-05-20', 1, 3),
	('2022-05-20', 1, 3),
	('2022-05-20', 1, 3),
	('2022-05-20', 1, 3),
	('2022-05-20', 1, 3),
	('2022-05-20', 1, 3),
	('2022-05-20', 0, 4),
	('2022-05-20', 0, 4),
	('2022-05-20', 0, 4),
	('2022-05-20', 0, 4),
	('2022-05-20', 0, 4),
	('2022-05-20', 0, 4),
	('2022-05-20', 0, 4),
	('2022-05-20', 0, 4),
	('2022-05-20', 0, 4),
	('2022-05-20', 0, 4),
	('2022-05-20', 0, 4),
	('2022-05-20', 0, 4),
	('2022-05-20', 0, 4),
	('2022-05-20', 0, 4),
	('2022-05-20', 0, 4),
	('2022-05-20', 0, 4),
	('2022-05-20', 0, 4),
	('2022-05-20', 0, 4),
	('2022-05-20', 0, 4),
	('2022-05-20', 0, 4),
	('2022-05-20', 0, 4),
	('2022-05-20', 0, 4),
	('2022-05-20', 0, 4),
	('2022-05-20', 0, 4),
	('2022-05-20', 0, 4),
	('2022-05-20', 0, 4),
	('2022-05-20', 0, 4),
	('2022-05-20', 0, 4),
	('2022-05-20', 0, 4),
	('2022-05-20', 0, 4),
	('2022-05-20', 0, 4),
	('2022-05-20', 0, 4),
	('2022-05-20', 0, 4),
	('2022-05-20', 0, 4),
	('2022-05-20', 0, 4),
	('2022-05-20', 0, 4),
	('2022-05-20', 0, 4),
	('2022-05-20', 0, 4),
	('2022-05-20', 0, 4),
	('2022-05-20', 0, 4),
	('2022-05-20', 0, 4),
	('2022-05-20', 0, 4),
	('2022-05-20', 0, 4),
	('2022-05-20', 0, 4),
	('2022-05-20', 0, 4),
	('2022-05-20', 0, 4),
	('2022-05-20', 0, 4),
	('2022-05-20', 0, 4),
	('2022-05-20', 0, 4),
	('2022-05-20', 0, 4),
	('2022-05-20', 0, 4),
	('2022-05-20', 0, 4),
	('2022-05-20', 0, 4),
	('2022-05-20', 0, 4),
	('2022-05-20', 0, 4),
	('2022-05-20', 0, 4),
	('2022-05-20', 0, 4),
	('2022-05-20', 0, 4),
	('2022-05-20', 0, 4),
	('2022-05-20', 0, 4),
	('2022-05-20', 0, 4),
	('2022-05-20', 0, 4),
	('2022-05-20', 0, 4),
	('2022-05-20', 0, 4),
	('2022-05-20', 0, 4),
	('2022-05-20', 0, 4),
	('2022-05-20', 0, 4),
	('2022-05-20', 0, 4),
	('2022-05-20', 0, 4),
	('2022-05-20', 0, 4),
	('2022-05-20', 0, 4),
	('2022-05-20', 0, 4),
	('2022-05-20', 0, 4),
	('2022-05-20', 0, 4),
	('2022-05-20', 0, 4),
	('2022-05-20', 0, 4),
	('2022-05-20', 0, 4),
	('2022-05-20', 0, 4),
	('2022-05-20', 0, 4),
	('2022-05-20', 0, 4),
	('2022-05-20', 0, 4),
	('2022-05-20', 0, 4),
	('2022-05-20', 0, 4),
	('2022-05-20', 0, 4),
	('2022-05-20', 0, 4),
	('2022-05-20', 0, 4),
	('2022-05-20', 0, 4),
	('2022-05-20', 0, 4),
	('2022-05-20', 0, 4),
	('2022-05-20', 0, 4),
	('2022-05-20', 0, 4),
	('2022-05-20', 0, 4),
	('2022-05-20', 0, 4),
	('2022-05-20', 0, 4),
	('2022-05-20', 0, 4),
	('2022-05-20', 0, 4),
	('2022-05-20', 0, 4),
	('2022-05-20', 0, 4),
	('2022-05-20', 0, 4),
	('2022-05-20', 0, 4),
	('2022-05-20', 0, 4),
	('2022-05-20', 0, 4),
	('2022-05-20', 0, 4),
	('2022-05-20', 0, 4),
	('2022-05-20', 0, 4),
	('2022-05-20', 0, 4),
	('2022-05-20', 0, 4),
	('2022-05-20', 0, 4),
	('2022-05-20', 0, 4),
	('2022-05-20', 1, 4),
	('2022-05-20', 1, 4),
	('2022-05-20', 1, 4),
	('2022-05-20', 1, 4),
	('2022-05-20', 1, 4),
	('2022-05-20', 1, 4),
	('2022-05-20', 1, 4),
	('2022-05-20', 1, 4),
	('2022-05-20', 1, 4),
	('2022-05-20', 1, 4),
	('2022-05-20', 1, 4),
	('2022-05-20', 1, 4),
	('2022-05-20', 1, 4),
	('2022-05-20', 1, 4),
	('2022-05-20', 1, 4),
	('2022-05-20', 1, 4),
	('2022-05-20', 1, 4),
	('2022-05-20', 1, 4),
	('2022-05-20', 1, 4),
	('2022-05-20', 1, 4),
	('2022-05-20', 1, 4),
	('2022-05-20', 1, 4),
	('2022-05-20', 1, 4),
	('2022-05-20', 1, 4),
	('2022-05-20', 1, 4),
	('2022-05-20', 1, 4),
	('2022-05-20', 1, 4),
	('2022-05-20', 1, 4),
	('2022-05-20', 1, 4),
	('2022-05-20', 1, 4),
	('2022-05-20', 1, 4),
	('2022-05-20', 1, 4),
	('2022-05-20', 1, 4),
	('2022-05-20', 1, 4),
	('2022-05-20', 1, 4),
	('2022-05-20', 1, 4),
	('2022-05-20', 1, 4),
	('2022-05-20', 1, 4),
	('2022-05-20', 1, 4),
	('2022-05-20', 1, 4),
	('2022-05-20', 1, 4),
	('2022-05-20', 1, 4),
	('2022-05-20', 1, 4),
	('2022-05-20', 1, 4),
	('2022-05-20', 1, 4),
	('2022-05-20', 1, 4),
	('2022-05-20', 1, 4),
	('2022-05-20', 1, 4),
	('2022-05-20', 1, 4),
	('2022-05-20', 1, 4),
	('2022-05-20', 1, 4),
	('2022-05-20', 1, 4),
	('2022-05-20', 1, 4),
	('2022-05-20', 1, 4),
	('2022-05-20', 1, 4),
	('2022-05-20', 1, 4),
	('2022-05-20', 1, 4),
	('2022-05-20', 1, 4),
	('2022-05-20', 1, 4),
	('2022-05-20', 1, 4),
	('2022-05-20', 1, 4),
	('2022-05-20', 1, 4),
	('2022-05-20', 1, 4),
	('2022-05-20', 1, 4),
	('2022-05-20', 1, 4),
	('2022-05-20', 1, 4),
	('2022-05-20', 1, 4),
	('2022-05-20', 1, 4),
	('2022-05-20', 1, 4),
	('2022-05-20', 1, 4),
	('2022-05-20', 1, 4),
	('2022-05-20', 1, 4),
	('2022-05-20', 1, 4),
	('2022-05-20', 1, 4),
	('2022-05-20', 1, 4),
	('2022-05-20', 1, 4),
	('2022-05-20', 1, 4),
	('2022-05-20', 1, 4),
	('2022-05-20', 1, 4),
	('2022-05-20', 1, 4),
	('2022-05-20', 1, 4),
	('2022-05-20', 1, 4),
	('2022-05-20', 1, 4),
	('2022-05-20', 1, 4),
	('2022-05-20', 1, 4),
	('2022-05-20', 1, 4),
	('2022-05-20', 1, 4),
	('2022-05-20', 1, 4),
	('2022-05-20', 1, 4),
	('2022-05-20', 1, 4),
	('2022-05-20', 1, 4),
	('2022-05-20', 1, 4),
	('2022-05-20', 1, 4),
	('2022-05-20', 1, 4),
	('2022-05-20', 1, 4),
	('2022-05-20', 1, 4),
	('2022-05-20', 1, 4);
	

-- SHOPPING ITAQUERA - DIA 21/05/2022
insert into Registro (dataCaptura, captura, fkSensor) values
	('2022-05-21', 0, 1),
	('2022-05-21', 0, 1),
	('2022-05-21', 0, 1),
	('2022-05-21', 0, 1),
	('2022-05-21', 0, 1),
	('2022-05-21', 0, 1),
	('2022-05-21', 0, 1),
	('2022-05-21', 0, 1),
	('2022-05-21', 0, 1),
	('2022-05-21', 0, 1),
	('2022-05-21', 0, 1),
	('2022-05-21', 0, 1),
	('2022-05-21', 0, 1),
	('2022-05-21', 0, 1),
	('2022-05-21', 0, 1),
	('2022-05-21', 0, 1),
	('2022-05-21', 0, 1),
	('2022-05-21', 0, 1),
	('2022-05-21', 0, 1),
	('2022-05-21', 0, 1),
	('2022-05-21', 0, 1),
	('2022-05-21', 0, 1),
	('2022-05-21', 0, 1),
	('2022-05-21', 0, 1),
	('2022-05-21', 0, 1),
	('2022-05-21', 0, 1),
	('2022-05-21', 0, 1),
	('2022-05-21', 0, 1),
	('2022-05-21', 0, 1),
	('2022-05-21', 0, 1),
	('2022-05-21', 0, 1),
	('2022-05-21', 0, 1),
	('2022-05-21', 0, 1),
	('2022-05-21', 0, 1),
	('2022-05-21', 0, 1),
	('2022-05-21', 0, 1),
	('2022-05-21', 0, 1),
	('2022-05-21', 0, 1),
	('2022-05-21', 0, 1),
	('2022-05-21', 0, 1),
	('2022-05-21', 0, 1),
	('2022-05-21', 0, 1),
	('2022-05-21', 0, 1),
	('2022-05-21', 0, 1),
	('2022-05-21', 0, 1),
	('2022-05-21', 0, 1),
	('2022-05-21', 0, 1),
	('2022-05-21', 0, 1),
	('2022-05-21', 0, 1),
	('2022-05-21', 0, 1),
	('2022-05-21', 0, 1),
	('2022-05-21', 0, 1),
	('2022-05-21', 0, 1),
	('2022-05-21', 0, 1),
	('2022-05-21', 0, 1),
	('2022-05-21', 0, 1),
	('2022-05-21', 0, 1),
	('2022-05-21', 0, 1),
	('2022-05-21', 0, 1),
	('2022-05-21', 0, 1),
	('2022-05-21', 0, 1),
	('2022-05-21', 0, 1),
	('2022-05-21', 0, 1),
	('2022-05-21', 0, 1),
	('2022-05-21', 0, 1),
	('2022-05-21', 0, 1),
	('2022-05-21', 0, 1),
	('2022-05-21', 0, 1),
	('2022-05-21', 0, 1),
	('2022-05-21', 0, 1),
	('2022-05-21', 0, 1),
	('2022-05-21', 0, 1),
	('2022-05-21', 0, 1),
	('2022-05-21', 0, 1),
	('2022-05-21', 0, 1),
	('2022-05-21', 0, 1),
	('2022-05-21', 0, 1),
	('2022-05-21', 0, 1),
	('2022-05-21', 0, 1),
	('2022-05-21', 0, 1),
	('2022-05-21', 0, 1),
	('2022-05-21', 0, 1),
	('2022-05-21', 0, 1),
	('2022-05-21', 0, 1),
	('2022-05-21', 0, 1),
	('2022-05-21', 0, 1),
	('2022-05-21', 0, 1),
	('2022-05-21', 0, 1),
	('2022-05-21', 0, 1),
	('2022-05-21', 0, 1),
	('2022-05-21', 0, 1),
	('2022-05-21', 0, 1),
	('2022-05-21', 0, 1),
	('2022-05-21', 0, 1),
	('2022-05-21', 0, 1),
	('2022-05-21', 0, 1),
	('2022-05-21', 0, 1),
	('2022-05-21', 0, 1),
	('2022-05-21', 0, 1),
	('2022-05-21', 0, 1),
	('2022-05-21', 0, 1),
	('2022-05-21', 0, 1),
	('2022-05-21', 0, 1),
	('2022-05-21', 0, 1),
	('2022-05-21', 0, 1),
	('2022-05-21', 0, 1),
	('2022-05-21', 0, 1),
	('2022-05-21', 0, 1),
	('2022-05-21', 0, 1),
	('2022-05-21', 0, 1),
	('2022-05-21', 0, 1),
	('2022-05-21', 0, 1),
	('2022-05-21', 0, 1),
	('2022-05-21', 0, 1),
	('2022-05-21', 0, 1),
	('2022-05-21', 0, 1),
	('2022-05-21', 0, 1),
	('2022-05-21', 0, 1),
	('2022-05-21', 0, 1),
	('2022-05-21', 0, 1),
	('2022-05-21', 0, 1),
	('2022-05-21', 0, 1),
	('2022-05-21', 0, 1),
	('2022-05-21', 0, 1),
	('2022-05-21', 0, 1),
	('2022-05-21', 0, 1),
	('2022-05-21', 0, 1),
	('2022-05-21', 0, 1),
	('2022-05-21', 0, 1),
	('2022-05-21', 0, 1),
	('2022-05-21', 0, 1),
	('2022-05-21', 0, 1),
	('2022-05-21', 0, 1),
	('2022-05-21', 0, 1),
	('2022-05-21', 0, 1),
	('2022-05-21', 0, 1),
	('2022-05-21', 0, 1),
	('2022-05-21', 0, 1),
	('2022-05-21', 0, 1),
	('2022-05-21', 0, 1),
	('2022-05-21', 0, 1),
	('2022-05-21', 0, 1),
	('2022-05-21', 0, 1),
	('2022-05-21', 0, 1),
	('2022-05-21', 0, 1),
	('2022-05-21', 0, 1),
	('2022-05-21', 0, 1),
	('2022-05-21', 0, 1),
	('2022-05-21', 0, 1),
	('2022-05-21', 0, 1),
	('2022-05-21', 0, 1),
	('2022-05-21', 0, 1),
	('2022-05-21', 0, 1),
	('2022-05-21', 0, 1),
	('2022-05-21', 0, 1),
	('2022-05-21', 0, 1),
	('2022-05-21', 0, 1),
	('2022-05-21', 0, 1),
	('2022-05-21', 0, 1),
	('2022-05-21', 0, 1),
	('2022-05-21', 0, 1),
	('2022-05-21', 0, 1),
	('2022-05-21', 0, 1),
	('2022-05-21', 0, 1),
	('2022-05-21', 0, 1),
	('2022-05-21', 0, 1),
	('2022-05-21', 1, 1),
	('2022-05-21', 1, 1),
	('2022-05-21', 1, 1),
	('2022-05-21', 1, 1),
	('2022-05-21', 1, 1),
	('2022-05-21', 1, 1),
	('2022-05-21', 1, 1),
	('2022-05-21', 1, 1),
	('2022-05-21', 1, 1),
	('2022-05-21', 1, 1),
	('2022-05-21', 1, 1),
	('2022-05-21', 1, 1),
	('2022-05-21', 1, 1),
	('2022-05-21', 1, 1),
	('2022-05-21', 1, 1),
	('2022-05-21', 1, 1),
	('2022-05-21', 1, 1),
	('2022-05-21', 1, 1),
	('2022-05-21', 1, 1),
	('2022-05-21', 1, 1),
	('2022-05-21', 1, 1),
	('2022-05-21', 1, 1),
	('2022-05-21', 1, 1),
	('2022-05-21', 1, 1),
	('2022-05-21', 1, 1),
	('2022-05-21', 1, 1),
	('2022-05-21', 1, 1),
	('2022-05-21', 1, 1),
	('2022-05-21', 1, 1),
	('2022-05-21', 1, 1),
	('2022-05-21', 1, 1),
	('2022-05-21', 1, 1),
	('2022-05-21', 1, 1),
	('2022-05-21', 1, 1),
	('2022-05-21', 1, 1),
	('2022-05-21', 1, 1),
	('2022-05-21', 1, 1),
	('2022-05-21', 1, 1),
	('2022-05-21', 1, 1),
	('2022-05-21', 1, 1),
	('2022-05-21', 1, 1),
	('2022-05-21', 1, 1),
	('2022-05-21', 1, 1),
	('2022-05-21', 1, 1),
	('2022-05-21', 1, 1),
	('2022-05-21', 1, 1),
	('2022-05-21', 1, 1),
	('2022-05-21', 1, 1),
	('2022-05-21', 1, 1),
	('2022-05-21', 1, 1),
	('2022-05-21', 1, 1),
	('2022-05-21', 1, 1),
	('2022-05-21', 1, 1),
	('2022-05-21', 1, 1),
	('2022-05-21', 1, 1),
	('2022-05-21', 1, 1),
	('2022-05-21', 1, 1),
	('2022-05-21', 1, 1),
	('2022-05-21', 1, 1),
	('2022-05-21', 1, 1),
	('2022-05-21', 1, 1),
	('2022-05-21', 1, 1),
	('2022-05-21', 1, 1),
	('2022-05-21', 1, 1),
	('2022-05-21', 1, 1),
	('2022-05-21', 1, 1),
	('2022-05-21', 1, 1),
	('2022-05-21', 1, 1),
	('2022-05-21', 1, 1),
	('2022-05-21', 1, 1),
	('2022-05-21', 1, 1),
	('2022-05-21', 1, 1),
	('2022-05-21', 1, 1),
	('2022-05-21', 1, 1),
	('2022-05-21', 1, 1),
	('2022-05-21', 1, 1),
	('2022-05-21', 1, 1),
	('2022-05-21', 1, 1),
	('2022-05-21', 1, 1),
	('2022-05-21', 1, 1),
	('2022-05-21', 1, 1),
	('2022-05-21', 1, 1),
	('2022-05-21', 1, 1),
	('2022-05-21', 1, 1),
	('2022-05-21', 1, 1),
	('2022-05-21', 1, 1),
	('2022-05-21', 1, 1),
	('2022-05-21', 1, 1),
	('2022-05-21', 1, 1),
	('2022-05-21', 1, 1),
	('2022-05-21', 1, 1),
	('2022-05-21', 1, 1),
	('2022-05-21', 1, 1),
	('2022-05-21', 1, 1),
	('2022-05-21', 1, 1),
	('2022-05-21', 1, 1),
	('2022-05-21', 1, 1),
	('2022-05-21', 1, 1),
	('2022-05-21', 1, 1),
	('2022-05-21', 1, 1),
	('2022-05-21', 1, 1),
	('2022-05-21', 1, 1),
	('2022-05-21', 1, 1),
	('2022-05-21', 1, 1),
	('2022-05-21', 1, 1),
	('2022-05-21', 1, 1),
	('2022-05-21', 1, 1),
	('2022-05-21', 1, 1),
	('2022-05-21', 1, 1),
	('2022-05-21', 1, 1),
	('2022-05-21', 1, 1),
	('2022-05-21', 0, 2),
	('2022-05-21', 0, 2),
	('2022-05-21', 0, 2),
	('2022-05-21', 0, 2),
	('2022-05-21', 0, 2),
	('2022-05-21', 0, 2),
	('2022-05-21', 0, 2),
	('2022-05-21', 0, 2),
	('2022-05-21', 0, 2),
	('2022-05-21', 0, 2),
	('2022-05-21', 0, 2),
	('2022-05-21', 0, 2),
	('2022-05-21', 0, 2),
	('2022-05-21', 0, 2),
	('2022-05-21', 0, 2),
	('2022-05-21', 0, 2),
	('2022-05-21', 0, 2),
	('2022-05-21', 0, 2),
	('2022-05-21', 0, 2),
	('2022-05-21', 0, 2),
	('2022-05-21', 0, 2),
	('2022-05-21', 0, 2),
	('2022-05-21', 0, 2),
	('2022-05-21', 0, 2),
	('2022-05-21', 0, 2),
	('2022-05-21', 0, 2),
	('2022-05-21', 0, 2),
	('2022-05-21', 0, 2),
	('2022-05-21', 0, 2),
	('2022-05-21', 0, 2),
	('2022-05-21', 0, 2),
	('2022-05-21', 0, 2),
	('2022-05-21', 0, 2),
	('2022-05-21', 0, 2),
	('2022-05-21', 0, 2),
	('2022-05-21', 0, 2),
	('2022-05-21', 0, 2),
	('2022-05-21', 0, 2),
	('2022-05-21', 0, 2),
	('2022-05-21', 0, 2),
	('2022-05-21', 0, 2),
	('2022-05-21', 0, 2),
	('2022-05-21', 0, 2),
	('2022-05-21', 0, 2),
	('2022-05-21', 0, 2),
	('2022-05-21', 0, 2),
	('2022-05-21', 0, 2),
	('2022-05-21', 0, 2),
	('2022-05-21', 0, 2),
	('2022-05-21', 0, 2),
	('2022-05-21', 0, 2),
	('2022-05-21', 0, 2),
	('2022-05-21', 0, 2),
	('2022-05-21', 0, 2),
	('2022-05-21', 0, 2),
	('2022-05-21', 0, 2),
	('2022-05-21', 0, 2),
	('2022-05-21', 0, 2),
	('2022-05-21', 0, 2),
	('2022-05-21', 0, 2),
	('2022-05-21', 0, 2),
	('2022-05-21', 0, 2),
	('2022-05-21', 0, 2),
	('2022-05-21', 0, 2),
	('2022-05-21', 0, 2),
	('2022-05-21', 0, 2),
	('2022-05-21', 0, 2),
	('2022-05-21', 0, 2),
	('2022-05-21', 0, 2),
	('2022-05-21', 0, 2),
	('2022-05-21', 0, 2),
	('2022-05-21', 0, 2),
	('2022-05-21', 0, 2),
	('2022-05-21', 0, 2),
	('2022-05-21', 0, 2),
	('2022-05-21', 0, 2),
	('2022-05-21', 0, 2),
	('2022-05-21', 0, 2),
	('2022-05-21', 0, 2),
	('2022-05-21', 0, 2),
	('2022-05-21', 0, 2),
	('2022-05-21', 0, 2),
	('2022-05-21', 0, 2),
	('2022-05-21', 0, 2),
	('2022-05-21', 0, 2),
	('2022-05-21', 0, 2),
	('2022-05-21', 0, 2),
	('2022-05-21', 0, 2),
	('2022-05-21', 0, 2),
	('2022-05-21', 0, 2),
	('2022-05-21', 0, 2),
	('2022-05-21', 0, 2),
	('2022-05-21', 0, 2),
	('2022-05-21', 0, 2),
	('2022-05-21', 0, 2),
	('2022-05-21', 0, 2),
	('2022-05-21', 0, 2),
	('2022-05-21', 0, 2),
	('2022-05-21', 0, 2),
	('2022-05-21', 0, 2),
	('2022-05-21', 0, 2),
	('2022-05-21', 0, 2),
	('2022-05-21', 0, 2),
	('2022-05-21', 0, 2),
	('2022-05-21', 0, 2),
	('2022-05-21', 0, 2),
	('2022-05-21', 0, 2),
	('2022-05-21', 0, 2),
	('2022-05-21', 0, 2),
	('2022-05-21', 0, 2),
	('2022-05-21', 0, 2),
	('2022-05-21', 0, 2),
	('2022-05-21', 0, 2),
	('2022-05-21', 0, 2),
	('2022-05-21', 0, 2),
	('2022-05-21', 0, 2),
	('2022-05-21', 0, 2),
	('2022-05-21', 0, 2),
	('2022-05-21', 0, 2),
	('2022-05-21', 0, 2),
	('2022-05-21', 1, 3),
	('2022-05-21', 1, 3),
	('2022-05-21', 1, 3),
	('2022-05-21', 1, 3),
	('2022-05-21', 1, 3),
	('2022-05-21', 1, 3),
	('2022-05-21', 1, 3),
	('2022-05-21', 1, 3),
	('2022-05-21', 1, 3),
	('2022-05-21', 1, 3),
	('2022-05-21', 1, 3),
	('2022-05-21', 1, 3),
	('2022-05-21', 1, 3),
	('2022-05-21', 1, 3),
	('2022-05-21', 1, 3),
	('2022-05-21', 1, 3),
	('2022-05-21', 1, 3),
	('2022-05-21', 1, 3),
	('2022-05-21', 1, 3),
	('2022-05-21', 1, 3),
	('2022-05-21', 1, 3),
	('2022-05-21', 1, 3),
	('2022-05-21', 1, 3),
	('2022-05-21', 1, 3),
	('2022-05-21', 1, 3),
	('2022-05-21', 1, 3),
	('2022-05-21', 1, 3),
	('2022-05-21', 1, 3),
	('2022-05-21', 1, 3),
	('2022-05-21', 1, 3),
	('2022-05-21', 1, 3),
	('2022-05-21', 1, 3),
	('2022-05-21', 1, 3),
	('2022-05-21', 1, 3),
	('2022-05-21', 1, 3),
	('2022-05-21', 1, 3),
	('2022-05-21', 1, 3),
	('2022-05-21', 1, 3),
	('2022-05-21', 1, 3),
	('2022-05-21', 1, 3),
	('2022-05-21', 1, 3),
	('2022-05-21', 1, 3),
	('2022-05-21', 1, 3),
	('2022-05-21', 1, 3),
	('2022-05-21', 1, 3),
	('2022-05-21', 1, 3),
	('2022-05-21', 1, 3),
	('2022-05-21', 1, 3),
	('2022-05-21', 1, 3),
	('2022-05-21', 1, 3),
	('2022-05-21', 1, 3),
	('2022-05-21', 1, 3),
	('2022-05-21', 1, 3),
	('2022-05-21', 1, 3),
	('2022-05-21', 1, 3),
	('2022-05-21', 1, 3),
	('2022-05-21', 1, 3),
	('2022-05-21', 1, 3),
	('2022-05-21', 1, 3),
	('2022-05-21', 1, 3),
	('2022-05-21', 1, 3),
	('2022-05-21', 1, 3),
	('2022-05-21', 1, 3),
	('2022-05-21', 1, 3),
	('2022-05-21', 1, 3),
	('2022-05-21', 1, 3),
	('2022-05-21', 1, 3),
	('2022-05-21', 1, 3),
	('2022-05-21', 1, 3),
	('2022-05-21', 1, 3),
	('2022-05-21', 1, 3),
	('2022-05-21', 1, 3),
	('2022-05-21', 1, 3),
	('2022-05-21', 1, 3),
	('2022-05-21', 1, 3),
	('2022-05-21', 1, 3),
	('2022-05-21', 1, 3),
	('2022-05-21', 1, 3),
	('2022-05-21', 1, 3),
	('2022-05-21', 1, 3),
	('2022-05-21', 1, 3),
	('2022-05-21', 1, 3),
	('2022-05-21', 1, 3),
	('2022-05-21', 1, 3),
	('2022-05-21', 1, 3),
	('2022-05-21', 1, 3),
	('2022-05-21', 1, 3),
	('2022-05-21', 1, 3),
	('2022-05-21', 1, 3),
	('2022-05-21', 1, 3),
	('2022-05-21', 1, 3),
	('2022-05-21', 1, 3),
	('2022-05-21', 0, 3),
	('2022-05-21', 0, 3),
	('2022-05-21', 0, 3),
	('2022-05-21', 0, 3),
	('2022-05-21', 0, 3),
	('2022-05-21', 0, 3),
	('2022-05-21', 0, 3),
	('2022-05-21', 0, 3),
	('2022-05-21', 0, 3),
	('2022-05-21', 0, 3),
	('2022-05-21', 0, 3),
	('2022-05-21', 0, 3),
	('2022-05-21', 0, 3),
	('2022-05-21', 0, 3),
	('2022-05-21', 0, 3),
	('2022-05-21', 0, 3),
	('2022-05-21', 0, 3),
	('2022-05-21', 0, 3),
	('2022-05-21', 0, 3),
	('2022-05-21', 0, 3),
	('2022-05-21', 0, 3),
	('2022-05-21', 0, 3),
	('2022-05-21', 0, 3),
	('2022-05-21', 0, 3),
	('2022-05-21', 0, 3),
	('2022-05-21', 0, 3),
	('2022-05-21', 0, 3),
	('2022-05-21', 0, 3),
	('2022-05-21', 0, 3),
	('2022-05-21', 0, 3),
	('2022-05-21', 0, 3),
	('2022-05-21', 0, 3),
	('2022-05-21', 0, 3),
	('2022-05-21', 0, 3),
	('2022-05-21', 0, 3),
	('2022-05-21', 0, 3),
	('2022-05-21', 0, 3),
	('2022-05-21', 0, 3),
	('2022-05-21', 0, 3),
	('2022-05-21', 0, 3),
	('2022-05-21', 0, 3),
	('2022-05-21', 0, 3),
	('2022-05-21', 0, 3),
	('2022-05-21', 0, 3),
	('2022-05-21', 0, 3),
	('2022-05-21', 0, 3),
	('2022-05-21', 0, 3),
	('2022-05-21', 0, 3),
	('2022-05-21', 0, 3),
	('2022-05-21', 0, 3),
	('2022-05-21', 0, 3),
	('2022-05-21', 0, 3),
	('2022-05-21', 0, 3),
	('2022-05-21', 0, 3),
	('2022-05-21', 0, 3),
	('2022-05-21', 0, 3),
	('2022-05-21', 0, 3),
	('2022-05-21', 0, 3),
	('2022-05-21', 0, 3),
	('2022-05-21', 0, 3),
	('2022-05-21', 0, 3),
	('2022-05-21', 0, 3),
	('2022-05-21', 0, 3),
	('2022-05-21', 0, 3),
	('2022-05-21', 0, 3),
	('2022-05-21', 0, 3),
	('2022-05-21', 0, 3),
	('2022-05-21', 0, 3),
	('2022-05-21', 0, 3),
	('2022-05-21', 0, 3),
	('2022-05-21', 0, 3),
	('2022-05-21', 0, 3),
	('2022-05-21', 0, 3),
	('2022-05-21', 0, 3),
	('2022-05-21', 0, 3),
	('2022-05-21', 0, 3),
	('2022-05-21', 0, 3),
	('2022-05-21', 0, 3),
	('2022-05-21', 0, 3),
	('2022-05-21', 0, 3),
	('2022-05-21', 0, 3),
	('2022-05-21', 0, 3),
	('2022-05-21', 0, 3),
	('2022-05-21', 0, 3),
	('2022-05-21', 0, 3),
	('2022-05-21', 0, 3),
	('2022-05-21', 0, 3),
	('2022-05-21', 0, 3),
	('2022-05-21', 0, 3),
	('2022-05-21', 0, 3),
	('2022-05-21', 0, 3),
	('2022-05-21', 0, 3),
	('2022-05-21', 0, 3),
	('2022-05-21', 0, 3),
	('2022-05-21', 0, 3),
	('2022-05-21', 0, 3),
	('2022-05-21', 0, 3),
	('2022-05-21', 0, 3),
	('2022-05-21', 0, 3),
	('2022-05-21', 0, 3),
	('2022-05-21', 0, 3),
	('2022-05-21', 0, 3),
	('2022-05-21', 0, 3),
	('2022-05-21', 0, 3),
	('2022-05-21', 1, 4),
	('2022-05-21', 1, 4),
	('2022-05-21', 1, 4),
	('2022-05-21', 1, 4),
	('2022-05-21', 1, 4),
	('2022-05-21', 1, 4),
	('2022-05-21', 1, 4),
	('2022-05-21', 1, 4),
	('2022-05-21', 1, 4),
	('2022-05-21', 1, 4),
	('2022-05-21', 1, 4),
	('2022-05-21', 1, 4),
	('2022-05-21', 1, 4),
	('2022-05-21', 1, 4),
	('2022-05-21', 1, 4),
	('2022-05-21', 1, 4),
	('2022-05-21', 1, 4),
	('2022-05-21', 1, 4),
	('2022-05-21', 1, 4),
	('2022-05-21', 1, 4),
	('2022-05-21', 1, 4),
	('2022-05-21', 1, 4),
	('2022-05-21', 1, 4),
	('2022-05-21', 1, 4),
	('2022-05-21', 1, 4),
	('2022-05-21', 1, 4),
	('2022-05-21', 1, 4),
	('2022-05-21', 1, 4),
	('2022-05-21', 1, 4),
	('2022-05-21', 1, 4),
	('2022-05-21', 1, 4),
	('2022-05-21', 1, 4),
	('2022-05-21', 1, 4),
	('2022-05-21', 1, 4),
	('2022-05-21', 1, 4),
	('2022-05-21', 1, 4),
	('2022-05-21', 1, 4),
	('2022-05-21', 1, 4),
	('2022-05-21', 1, 4),
	('2022-05-21', 1, 4),
	('2022-05-21', 1, 4),
	('2022-05-21', 1, 4),
	('2022-05-21', 1, 4),
	('2022-05-21', 1, 4),
	('2022-05-21', 1, 4),
	('2022-05-21', 1, 4),
	('2022-05-21', 1, 4),
	('2022-05-21', 1, 4),
	('2022-05-21', 1, 4),
	('2022-05-21', 1, 4),
	('2022-05-21', 1, 4),
	('2022-05-21', 1, 4),
	('2022-05-21', 1, 4),
	('2022-05-21', 1, 4),
	('2022-05-21', 1, 4),
	('2022-05-21', 1, 4),
	('2022-05-21', 1, 4),
	('2022-05-21', 1, 4),
	('2022-05-21', 1, 4),
	('2022-05-21', 1, 4),
	('2022-05-21', 1, 4),
	('2022-05-21', 1, 4),
	('2022-05-21', 1, 4),
	('2022-05-21', 1, 4),
	('2022-05-21', 1, 4),
	('2022-05-21', 1, 4),
	('2022-05-21', 1, 4),
	('2022-05-21', 1, 4),
	('2022-05-21', 1, 4),
	('2022-05-21', 1, 4),
	('2022-05-21', 1, 4),
	('2022-05-21', 1, 4),
	('2022-05-21', 1, 4),
	('2022-05-21', 1, 4),
	('2022-05-21', 1, 4),
	('2022-05-21', 1, 4),
	('2022-05-21', 1, 4),
	('2022-05-21', 1, 4),
	('2022-05-21', 1, 4),
	('2022-05-21', 1, 4),
	('2022-05-21', 1, 4),
	('2022-05-21', 1, 4),
	('2022-05-21', 1, 4),
	('2022-05-21', 1, 4),
	('2022-05-21', 1, 4),
	('2022-05-21', 1, 4),
	('2022-05-21', 1, 4),
	('2022-05-21', 1, 4),
	('2022-05-21', 1, 4),
	('2022-05-21', 1, 4),
	('2022-05-21', 1, 4),
	('2022-05-21', 1, 4),
	('2022-05-21', 1, 4),
	('2022-05-21', 1, 4),
	('2022-05-21', 1, 4),
	('2022-05-21', 1, 4),
	('2022-05-21', 1, 4),
	('2022-05-21', 1, 4),
	('2022-05-21', 1, 4),
	('2022-05-21', 1, 4),
	('2022-05-21', 1, 4),
	('2022-05-21', 1, 4),
	('2022-05-21', 1, 4),
	('2022-05-21', 1, 4),
	('2022-05-21', 1, 4),
	('2022-05-21', 1, 4),
	('2022-05-21', 1, 4),
	('2022-05-21', 1, 4),
	('2022-05-21', 1, 4),
	('2022-05-21', 1, 4),
	('2022-05-21', 1, 4),
	('2022-05-21', 1, 4),
	('2022-05-21', 0, 4),
	('2022-05-21', 0, 4),
	('2022-05-21', 0, 4),
	('2022-05-21', 0, 4),
	('2022-05-21', 0, 4),
	('2022-05-21', 0, 4),
	('2022-05-21', 0, 4),
	('2022-05-21', 0, 4),
	('2022-05-21', 0, 4),
	('2022-05-21', 0, 4),
	('2022-05-21', 0, 4),
	('2022-05-21', 0, 4),
	('2022-05-21', 0, 4),
	('2022-05-21', 0, 4),
	('2022-05-21', 0, 4),
	('2022-05-21', 0, 4),
	('2022-05-21', 0, 4),
	('2022-05-21', 0, 4),
	('2022-05-21', 0, 4),
	('2022-05-21', 0, 4),
	('2022-05-21', 0, 4),
	('2022-05-21', 0, 4),
	('2022-05-21', 0, 4),
	('2022-05-21', 0, 4),
	('2022-05-21', 0, 4),
	('2022-05-21', 0, 4),
	('2022-05-21', 0, 4),
	('2022-05-21', 0, 4),
	('2022-05-21', 0, 4),
	('2022-05-21', 0, 4),
	('2022-05-21', 0, 4),
	('2022-05-21', 0, 4),
	('2022-05-21', 0, 4),
	('2022-05-21', 0, 4),
	('2022-05-21', 0, 4),
	('2022-05-21', 0, 4),
	('2022-05-21', 0, 4),
	('2022-05-21', 0, 4),
	('2022-05-21', 0, 4),
	('2022-05-21', 0, 4),
	('2022-05-21', 0, 4),
	('2022-05-21', 0, 4),
	('2022-05-21', 0, 4),
	('2022-05-21', 0, 4),
	('2022-05-21', 0, 4),
	('2022-05-21', 0, 4),
	('2022-05-21', 0, 4),
	('2022-05-21', 0, 4),
	('2022-05-21', 0, 4),
	('2022-05-21', 0, 4),
	('2022-05-21', 0, 4),
	('2022-05-21', 0, 4),
	('2022-05-21', 0, 4),
	('2022-05-21', 0, 4),
	('2022-05-21', 0, 4),
	('2022-05-21', 0, 4),
	('2022-05-21', 0, 4),
	('2022-05-21', 0, 4),
	('2022-05-21', 0, 4),
	('2022-05-21', 0, 4),
	('2022-05-21', 0, 4),
	('2022-05-21', 0, 4),
	('2022-05-21', 0, 4),
	('2022-05-21', 0, 4),
	('2022-05-21', 0, 4),
	('2022-05-21', 0, 4),
	('2022-05-21', 0, 4),
	('2022-05-21', 0, 4),
	('2022-05-21', 0, 4),
	('2022-05-21', 0, 4),
	('2022-05-21', 0, 4),
	('2022-05-21', 0, 4),
	('2022-05-21', 0, 4),
	('2022-05-21', 0, 4),
	('2022-05-21', 0, 4),
	('2022-05-21', 0, 4),
	('2022-05-21', 0, 4),
	('2022-05-21', 0, 4),
	('2022-05-21', 0, 4),
	('2022-05-21', 0, 4),
	('2022-05-21', 0, 4),
	('2022-05-21', 0, 4),
	('2022-05-21', 0, 4),
	('2022-05-21', 0, 4),
	('2022-05-21', 0, 4),
	('2022-05-21', 0, 4),
	('2022-05-21', 0, 4),
	('2022-05-21', 0, 4),
	('2022-05-21', 0, 4),
	('2022-05-21', 0, 4),
	('2022-05-21', 0, 4),
	('2022-05-21', 0, 4),
	('2022-05-21', 0, 4),
	('2022-05-21', 0, 4),
	('2022-05-21', 0, 4),
	('2022-05-21', 0, 4),
	('2022-05-21', 0, 4),
	('2022-05-21', 0, 4),
	('2022-05-21', 0, 4),
	('2022-05-21', 0, 4),
	('2022-05-21', 0, 4),
	('2022-05-21', 0, 4),
	('2022-05-21', 0, 4),
	('2022-05-21', 0, 4),
	('2022-05-21', 0, 4),
	('2022-05-21', 0, 4),
	('2022-05-21', 0, 4),
	('2022-05-21', 0, 4),
	('2022-05-21', 0, 4),
	('2022-05-21', 0, 4),
	('2022-05-21', 0, 4),
	('2022-05-21', 0, 4),
	('2022-05-21', 0, 4),
	('2022-05-21', 0, 4),
	('2022-05-21', 0, 4),
	('2022-05-21', 0, 4);
    

-- SHOPPING ITAQUERA - DIA 22/05/2022
insert into Registro (dataCaptura, captura, fkSensor) values
	('2022-05-22', 0, 1),
	('2022-05-22', 0, 1),
	('2022-05-22', 0, 1),
	('2022-05-22', 0, 1),
	('2022-05-22', 0, 1),
	('2022-05-22', 0, 1),
	('2022-05-22', 0, 1),
	('2022-05-22', 0, 1),
	('2022-05-22', 0, 1),
	('2022-05-22', 0, 1),
	('2022-05-22', 0, 1),
	('2022-05-22', 0, 1),
	('2022-05-22', 0, 1),
	('2022-05-22', 0, 1),
	('2022-05-22', 0, 1),
	('2022-05-22', 0, 1),
	('2022-05-22', 0, 1),
	('2022-05-22', 0, 1),
	('2022-05-22', 0, 1),
	('2022-05-22', 0, 1),
	('2022-05-22', 0, 1),
	('2022-05-22', 0, 1),
	('2022-05-22', 0, 1),
	('2022-05-22', 0, 1),
	('2022-05-22', 0, 1),
	('2022-05-22', 0, 1),
	('2022-05-22', 0, 1),
	('2022-05-22', 0, 1),
	('2022-05-22', 0, 1),
	('2022-05-22', 0, 1),
	('2022-05-22', 0, 1),
	('2022-05-22', 0, 1),
	('2022-05-22', 0, 1),
	('2022-05-22', 0, 1),
	('2022-05-22', 0, 1),
	('2022-05-22', 0, 1),
	('2022-05-22', 0, 1),
	('2022-05-22', 0, 1),
	('2022-05-22', 0, 1),
	('2022-05-22', 0, 1),
	('2022-05-22', 0, 1),
	('2022-05-22', 0, 1),
	('2022-05-22', 0, 1),
	('2022-05-22', 0, 1),
	('2022-05-22', 0, 1),
	('2022-05-22', 0, 1),
	('2022-05-22', 0, 1),
	('2022-05-22', 0, 1),
	('2022-05-22', 0, 1),
	('2022-05-22', 0, 1),
	('2022-05-22', 0, 1),
	('2022-05-22', 0, 1),
	('2022-05-22', 0, 1),
	('2022-05-22', 0, 1),
	('2022-05-22', 0, 1),
	('2022-05-22', 0, 1),
	('2022-05-22', 0, 1),
	('2022-05-22', 0, 1),
	('2022-05-22', 0, 1),
	('2022-05-22', 0, 1),
	('2022-05-22', 0, 1),
	('2022-05-22', 0, 1),
	('2022-05-22', 0, 1),
	('2022-05-22', 0, 1),
	('2022-05-22', 0, 1),
	('2022-05-22', 0, 1),
	('2022-05-22', 0, 1),
	('2022-05-22', 0, 1),
	('2022-05-22', 0, 1),
	('2022-05-22', 0, 1),
	('2022-05-22', 0, 1),
	('2022-05-22', 0, 1),
	('2022-05-22', 0, 1),
	('2022-05-22', 0, 1),
	('2022-05-22', 0, 1),
	('2022-05-22', 0, 1),
	('2022-05-22', 0, 1),
	('2022-05-22', 0, 1),
	('2022-05-22', 0, 1),
	('2022-05-22', 0, 1),
	('2022-05-22', 0, 1),
	('2022-05-22', 0, 1),
	('2022-05-22', 0, 1),
	('2022-05-22', 0, 1),
	('2022-05-22', 0, 1),
	('2022-05-22', 0, 1),
	('2022-05-22', 0, 1),
	('2022-05-22', 0, 1),
	('2022-05-22', 0, 1),
	('2022-05-22', 0, 1),
	('2022-05-22', 0, 1),
	('2022-05-22', 0, 1),
	('2022-05-22', 0, 1),
	('2022-05-22', 0, 1),
	('2022-05-22', 0, 1),
	('2022-05-22', 0, 1),
	('2022-05-22', 0, 1),
	('2022-05-22', 0, 1),
	('2022-05-22', 0, 1),
	('2022-05-22', 0, 1),
	('2022-05-22', 0, 1),
	('2022-05-22', 0, 1),
	('2022-05-22', 0, 1),
	('2022-05-22', 0, 1),
	('2022-05-22', 0, 1),
	('2022-05-22', 0, 1),
	('2022-05-22', 0, 1),
	('2022-05-22', 0, 1),
	('2022-05-22', 0, 1),
	('2022-05-22', 0, 1),
	('2022-05-22', 0, 1),
	('2022-05-22', 0, 1),
	('2022-05-22', 0, 1),
	('2022-05-22', 0, 1),
	('2022-05-22', 0, 1),
	('2022-05-22', 0, 1),
	('2022-05-22', 0, 1),
	('2022-05-22', 0, 1),
	('2022-05-22', 0, 1),
	('2022-05-22', 0, 1),
	('2022-05-22', 0, 1),
	('2022-05-22', 0, 1),
	('2022-05-22', 0, 1),
	('2022-05-22', 0, 1),
	('2022-05-22', 0, 1),
	('2022-05-22', 0, 1),
	('2022-05-22', 0, 1),
	('2022-05-22', 0, 1),
	('2022-05-22', 0, 1),
	('2022-05-22', 0, 1),
	('2022-05-22', 0, 1),
	('2022-05-22', 0, 1),
	('2022-05-22', 0, 1),
	('2022-05-22', 0, 1),
	('2022-05-22', 0, 1),
	('2022-05-22', 0, 1),
	('2022-05-22', 0, 1),
	('2022-05-22', 0, 1),
	('2022-05-22', 0, 1),
	('2022-05-22', 0, 1),
	('2022-05-22', 0, 1),
	('2022-05-22', 0, 1),
	('2022-05-22', 0, 1),
	('2022-05-22', 0, 1),
	('2022-05-22', 0, 1),
	('2022-05-22', 0, 1),
	('2022-05-22', 0, 1),
	('2022-05-22', 0, 1),
	('2022-05-22', 0, 1),
	('2022-05-22', 0, 1),
	('2022-05-22', 0, 1),
	('2022-05-22', 0, 1),
	('2022-05-22', 0, 1),
	('2022-05-22', 0, 1),
	('2022-05-22', 0, 1),
	('2022-05-22', 0, 1),
	('2022-05-22', 0, 1),
	('2022-05-22', 0, 1),
	('2022-05-22', 0, 1),
	('2022-05-22', 0, 1),
	('2022-05-22', 0, 1),
	('2022-05-22', 0, 1),
	('2022-05-22', 0, 1),
	('2022-05-22', 0, 1),
	('2022-05-22', 0, 1),
	('2022-05-22', 0, 1),
	('2022-05-22', 0, 1),
	('2022-05-22', 0, 1),
	('2022-05-22', 0, 1),
	('2022-05-22', 0, 1),
	('2022-05-22', 0, 1),
	('2022-05-22', 0, 1),
	('2022-05-22', 0, 1),
	('2022-05-22', 0, 1),
	('2022-05-22', 0, 1),
	('2022-05-22', 0, 1),
	('2022-05-22', 0, 1),
	('2022-05-22', 0, 1),
	('2022-05-22', 0, 1),
	('2022-05-22', 0, 1),
	('2022-05-22', 0, 1),
	('2022-05-22', 0, 1),
	('2022-05-22', 0, 1),
	('2022-05-22', 0, 1),
	('2022-05-22', 0, 1),
	('2022-05-22', 0, 1),
	('2022-05-22', 0, 1),
	('2022-05-22', 0, 1),
	('2022-05-22', 0, 1),
	('2022-05-22', 0, 1),
	('2022-05-22', 0, 1),
	('2022-05-22', 0, 1),
	('2022-05-22', 0, 1),
	('2022-05-22', 0, 1),
	('2022-05-22', 0, 1),
	('2022-05-22', 0, 1),
	('2022-05-22', 0, 1),
	('2022-05-22', 0, 1),
	('2022-05-22', 0, 1),
	('2022-05-22', 0, 1),
	('2022-05-22', 0, 1),
	('2022-05-22', 0, 1),
	('2022-05-22', 1, 1),
	('2022-05-22', 1, 1),
	('2022-05-22', 1, 1),
	('2022-05-22', 1, 1),
	('2022-05-22', 1, 1),
	('2022-05-22', 1, 1),
	('2022-05-22', 1, 1),
	('2022-05-22', 1, 1),
	('2022-05-22', 1, 1),
	('2022-05-22', 1, 1),
	('2022-05-22', 1, 1),
	('2022-05-22', 1, 1),
	('2022-05-22', 1, 1),
	('2022-05-22', 1, 1),
	('2022-05-22', 1, 1),
	('2022-05-22', 1, 1),
	('2022-05-22', 1, 1),
	('2022-05-22', 1, 1),
	('2022-05-22', 1, 1),
	('2022-05-22', 1, 1),
	('2022-05-22', 1, 1),
	('2022-05-22', 1, 1),
	('2022-05-22', 1, 1),
	('2022-05-22', 1, 1),
	('2022-05-22', 1, 1),
	('2022-05-22', 1, 1),
	('2022-05-22', 1, 1),
	('2022-05-22', 1, 1),
	('2022-05-22', 1, 1),
	('2022-05-22', 1, 1),
	('2022-05-22', 1, 1),
	('2022-05-22', 1, 1),
	('2022-05-22', 1, 1),
	('2022-05-22', 1, 1),
	('2022-05-22', 1, 1),
	('2022-05-22', 1, 1),
	('2022-05-22', 1, 1),
	('2022-05-22', 1, 1),
	('2022-05-22', 1, 1),
	('2022-05-22', 1, 1),
	('2022-05-22', 1, 1),
	('2022-05-22', 1, 1),
	('2022-05-22', 1, 1),
	('2022-05-22', 1, 1),
	('2022-05-22', 1, 1),
	('2022-05-22', 1, 1),
	('2022-05-22', 1, 1),
	('2022-05-22', 1, 1),
	('2022-05-22', 1, 1),
	('2022-05-22', 1, 1),
	('2022-05-22', 1, 1),
	('2022-05-22', 1, 1),
	('2022-05-22', 1, 1),
	('2022-05-22', 1, 1),
	('2022-05-22', 1, 1),
	('2022-05-22', 1, 1),
	('2022-05-22', 1, 1),
	('2022-05-22', 1, 1),
	('2022-05-22', 1, 1),
	('2022-05-22', 1, 1),
	('2022-05-22', 1, 1),
	('2022-05-22', 1, 1),
	('2022-05-22', 1, 1),
	('2022-05-22', 1, 1),
	('2022-05-22', 1, 1),
	('2022-05-22', 1, 1),
	('2022-05-22', 1, 1),
	('2022-05-22', 1, 1),
	('2022-05-22', 1, 1),
	('2022-05-22', 1, 1),
	('2022-05-22', 1, 1),
	('2022-05-22', 1, 1),
	('2022-05-22', 1, 1),
	('2022-05-22', 1, 1),
	('2022-05-22', 1, 1),
	('2022-05-22', 1, 1),
	('2022-05-22', 1, 1),
	('2022-05-22', 1, 1),
	('2022-05-22', 1, 1),
	('2022-05-22', 1, 1),
	('2022-05-22', 1, 1),
	('2022-05-22', 1, 1),
	('2022-05-22', 1, 1),
	('2022-05-22', 1, 1),
	('2022-05-22', 1, 1),
	('2022-05-22', 1, 1),
	('2022-05-22', 1, 1),
	('2022-05-22', 1, 1),
	('2022-05-22', 1, 1),
	('2022-05-22', 1, 1),
	('2022-05-22', 1, 1),
	('2022-05-22', 1, 1),
	('2022-05-22', 1, 1),
	('2022-05-22', 1, 1),
	('2022-05-22', 1, 1),
	('2022-05-22', 1, 1),
	('2022-05-22', 1, 1),
	('2022-05-22', 1, 1),
	('2022-05-22', 1, 1),
	('2022-05-22', 1, 1),
	('2022-05-22', 1, 1),
	('2022-05-22', 1, 1),
	('2022-05-22', 1, 1),
	('2022-05-22', 1, 1),
	('2022-05-22', 1, 1),
	('2022-05-22', 1, 1),
	('2022-05-22', 1, 1),
	('2022-05-22', 1, 1),
	('2022-05-22', 1, 1),
	('2022-05-22', 1, 1),
	('2022-05-22', 1, 1),
	('2022-05-22', 1, 1),
	('2022-05-22', 1, 1),
	('2022-05-22', 1, 1),
	('2022-05-22', 1, 1),
	('2022-05-22', 1, 1),
	('2022-05-22', 1, 1),
	('2022-05-22', 1, 1),
	('2022-05-22', 1, 1),
	('2022-05-22', 1, 1),
	('2022-05-22', 1, 1),
	('2022-05-22', 1, 1),
	('2022-05-22', 1, 1),
	('2022-05-22', 1, 1),
	('2022-05-22', 1, 1),
	('2022-05-22', 1, 1),
	('2022-05-22', 1, 1),
	('2022-05-22', 1, 1),
	('2022-05-22', 1, 1),
	('2022-05-22', 1, 1),
	('2022-05-22', 1, 1),
	('2022-05-22', 1, 1),
	('2022-05-22', 1, 1),
	('2022-05-22', 1, 1),
	('2022-05-22', 1, 1),
	('2022-05-22', 1, 1),
	('2022-05-22', 1, 1),
	('2022-05-22', 1, 1),
	('2022-05-22', 1, 1),
	('2022-05-22', 1, 1),
	('2022-05-22', 1, 1),
	('2022-05-22', 1, 1),
	('2022-05-22', 1, 1),
	('2022-05-22', 1, 1),
	('2022-05-22', 1, 1),
	('2022-05-22', 1, 1),
	('2022-05-22', 1, 1),
	('2022-05-22', 1, 1),
	('2022-05-22', 1, 1),
	('2022-05-22', 1, 1),
	('2022-05-22', 1, 1),
	('2022-05-22', 1, 1),
	('2022-05-22', 1, 1),
	('2022-05-22', 1, 1),
	('2022-05-22', 1, 1),
	('2022-05-22', 1, 1),
	('2022-05-22', 1, 1),
	('2022-05-22', 1, 1),
	('2022-05-22', 1, 1),
	('2022-05-22', 1, 1),
	('2022-05-22', 1, 1),
	('2022-05-22', 1, 1),
	('2022-05-22', 1, 1),
	('2022-05-22', 1, 1),
	('2022-05-22', 1, 1),
	('2022-05-22', 1, 1),
	('2022-05-22', 1, 1),
	('2022-05-22', 1, 1),
	('2022-05-22', 1, 1),
	('2022-05-22', 1, 1),
	('2022-05-22', 1, 1),
	('2022-05-22', 1, 1),
	('2022-05-22', 1, 1),
	('2022-05-22', 1, 1),
	('2022-05-22', 1, 1),
	('2022-05-22', 1, 1),
	('2022-05-22', 0, 2),
	('2022-05-22', 0, 2),
	('2022-05-22', 0, 2),
	('2022-05-22', 0, 2),
	('2022-05-22', 0, 2),
	('2022-05-22', 0, 2),
	('2022-05-22', 0, 2),
	('2022-05-22', 0, 2),
	('2022-05-22', 0, 2),
	('2022-05-22', 0, 2),
	('2022-05-22', 0, 2),
	('2022-05-22', 0, 2),
	('2022-05-22', 0, 2),
	('2022-05-22', 0, 2),
	('2022-05-22', 0, 2),
	('2022-05-22', 0, 2),
	('2022-05-22', 0, 2),
	('2022-05-22', 0, 2),
	('2022-05-22', 0, 2),
	('2022-05-22', 0, 2),
	('2022-05-22', 0, 2),
	('2022-05-22', 0, 2),
	('2022-05-22', 0, 2),
	('2022-05-22', 0, 2),
	('2022-05-22', 0, 2),
	('2022-05-22', 0, 2),
	('2022-05-22', 0, 2),
	('2022-05-22', 0, 2),
	('2022-05-22', 0, 2),
	('2022-05-22', 0, 2),
	('2022-05-22', 0, 2),
	('2022-05-22', 0, 2),
	('2022-05-22', 0, 2),
	('2022-05-22', 0, 2),
	('2022-05-22', 0, 2),
	('2022-05-22', 0, 2),
	('2022-05-22', 0, 2),
	('2022-05-22', 0, 2),
	('2022-05-22', 0, 2),
	('2022-05-22', 0, 2),
	('2022-05-22', 0, 2),
	('2022-05-22', 0, 2),
	('2022-05-22', 0, 2),
	('2022-05-22', 0, 2),
	('2022-05-22', 0, 2),
	('2022-05-22', 0, 2),
	('2022-05-22', 0, 2),
	('2022-05-22', 0, 2),
	('2022-05-22', 0, 2),
	('2022-05-22', 0, 2),
	('2022-05-22', 0, 2),
	('2022-05-22', 0, 2),
	('2022-05-22', 0, 2),
	('2022-05-22', 0, 2),
	('2022-05-22', 0, 2),
	('2022-05-22', 0, 2),
	('2022-05-22', 0, 2),
	('2022-05-22', 0, 2),
	('2022-05-22', 0, 2),
	('2022-05-22', 0, 2),
	('2022-05-22', 0, 2),
	('2022-05-22', 0, 2),
	('2022-05-22', 0, 2),
	('2022-05-22', 0, 2),
	('2022-05-22', 0, 2),
	('2022-05-22', 0, 2),
	('2022-05-22', 0, 2),
	('2022-05-22', 0, 2),
	('2022-05-22', 0, 2),
	('2022-05-22', 0, 2),
	('2022-05-22', 0, 2),
	('2022-05-22', 0, 2),
	('2022-05-22', 0, 2),
	('2022-05-22', 0, 2),
	('2022-05-22', 0, 2),
	('2022-05-22', 0, 2),
	('2022-05-22', 0, 2),
	('2022-05-22', 0, 2),
	('2022-05-22', 0, 2),
	('2022-05-22', 0, 2),
	('2022-05-22', 0, 2),
	('2022-05-22', 0, 2),
	('2022-05-22', 0, 2),
	('2022-05-22', 0, 2),
	('2022-05-22', 0, 2),
	('2022-05-22', 0, 2),
	('2022-05-22', 0, 2),
	('2022-05-22', 0, 2),
	('2022-05-22', 0, 2),
	('2022-05-22', 0, 2),
	('2022-05-22', 0, 2),
	('2022-05-22', 0, 2),
	('2022-05-22', 0, 2),
	('2022-05-22', 0, 2),
	('2022-05-22', 0, 2),
	('2022-05-22', 0, 2),
	('2022-05-22', 0, 2),
	('2022-05-22', 0, 2),
	('2022-05-22', 0, 2),
	('2022-05-22', 0, 2),
	('2022-05-22', 0, 2),
	('2022-05-22', 0, 2),
	('2022-05-22', 0, 2),
	('2022-05-22', 0, 2),
	('2022-05-22', 0, 2),
	('2022-05-22', 0, 2),
	('2022-05-22', 0, 2),
	('2022-05-22', 0, 2),
	('2022-05-22', 0, 2),
	('2022-05-22', 0, 2),
	('2022-05-22', 0, 2),
	('2022-05-22', 0, 2),
	('2022-05-22', 0, 2),
	('2022-05-22', 0, 2),
	('2022-05-22', 0, 2),
	('2022-05-22', 0, 2),
	('2022-05-22', 0, 2),
	('2022-05-22', 0, 2),
	('2022-05-22', 0, 2),
	('2022-05-22', 0, 2),
	('2022-05-22', 0, 2),
	('2022-05-22', 0, 2),
	('2022-05-22', 0, 2),
	('2022-05-22', 0, 2),
	('2022-05-22', 0, 2),
	('2022-05-22', 0, 2),
	('2022-05-22', 0, 2),
	('2022-05-22', 0, 2),
	('2022-05-22', 0, 2),
	('2022-05-22', 0, 2),
	('2022-05-22', 0, 2),
	('2022-05-22', 0, 2),
	('2022-05-22', 0, 2),
	('2022-05-22', 0, 2),
	('2022-05-22', 0, 2),
	('2022-05-22', 0, 2),
	('2022-05-22', 0, 2),
	('2022-05-22', 0, 2),
	('2022-05-22', 0, 2),
	('2022-05-22', 0, 2),
	('2022-05-22', 0, 2),
	('2022-05-22', 0, 2),
	('2022-05-22', 0, 2),
	('2022-05-22', 0, 2),
	('2022-05-22', 0, 2),
	('2022-05-22', 0, 2),
	('2022-05-22', 0, 2),
	('2022-05-22', 0, 2),
	('2022-05-22', 1, 2),
	('2022-05-22', 1, 2),
	('2022-05-22', 1, 2),
	('2022-05-22', 1, 2),
	('2022-05-22', 1, 2),
	('2022-05-22', 1, 2),
	('2022-05-22', 1, 2),
	('2022-05-22', 1, 2),
	('2022-05-22', 1, 2),
	('2022-05-22', 1, 2),
	('2022-05-22', 1, 2),
	('2022-05-22', 1, 2),
	('2022-05-22', 1, 2),
	('2022-05-22', 1, 2),
	('2022-05-22', 1, 2),
	('2022-05-22', 1, 2),
	('2022-05-22', 1, 2),
	('2022-05-22', 1, 2),
	('2022-05-22', 1, 2),
	('2022-05-22', 1, 2),
	('2022-05-22', 1, 2),
	('2022-05-22', 1, 2),
	('2022-05-22', 1, 2),
	('2022-05-22', 1, 2),
	('2022-05-22', 1, 2),
	('2022-05-22', 1, 2),
	('2022-05-22', 1, 2),
	('2022-05-22', 1, 2),
	('2022-05-22', 1, 2),
	('2022-05-22', 1, 2),
	('2022-05-22', 1, 2),
	('2022-05-22', 1, 2),
	('2022-05-22', 1, 2),
	('2022-05-22', 1, 2),
	('2022-05-22', 1, 2),
	('2022-05-22', 1, 2),
	('2022-05-22', 1, 2),
	('2022-05-22', 1, 2),
	('2022-05-22', 1, 2),
	('2022-05-22', 1, 2),
	('2022-05-22', 1, 2),
	('2022-05-22', 1, 2),
	('2022-05-22', 1, 2),
	('2022-05-22', 1, 2),
	('2022-05-22', 1, 2),
	('2022-05-22', 1, 2),
	('2022-05-22', 1, 2),
	('2022-05-22', 1, 2),
	('2022-05-22', 1, 2),
	('2022-05-22', 1, 2),
	('2022-05-22', 1, 2),
	('2022-05-22', 1, 2),
	('2022-05-22', 1, 2),
	('2022-05-22', 1, 2),
	('2022-05-22', 1, 2),
	('2022-05-22', 1, 2),
	('2022-05-22', 1, 2),
	('2022-05-22', 1, 2),
	('2022-05-22', 1, 2),
	('2022-05-22', 1, 2),
	('2022-05-22', 1, 2),
	('2022-05-22', 1, 2),
	('2022-05-22', 1, 2),
	('2022-05-22', 1, 2),
	('2022-05-22', 1, 2),
	('2022-05-22', 1, 2),
	('2022-05-22', 1, 2),
	('2022-05-22', 1, 2),
	('2022-05-22', 1, 2),
	('2022-05-22', 1, 2),
	('2022-05-22', 1, 2),
	('2022-05-22', 1, 2),
	('2022-05-22', 1, 2),
	('2022-05-22', 1, 2),
	('2022-05-22', 1, 2),
	('2022-05-22', 1, 2),
	('2022-05-22', 1, 2),
	('2022-05-22', 1, 2),
	('2022-05-22', 1, 2),
	('2022-05-22', 1, 2),
	('2022-05-22', 1, 2),
	('2022-05-22', 1, 2),
	('2022-05-22', 1, 2),
	('2022-05-22', 1, 2),
	('2022-05-22', 1, 2),
	('2022-05-22', 1, 2),
	('2022-05-22', 1, 2),
	('2022-05-22', 1, 2),
	('2022-05-22', 1, 2),
	('2022-05-22', 1, 2),
	('2022-05-22', 1, 2),
	('2022-05-22', 1, 2),
	('2022-05-22', 1, 2),
	('2022-05-22', 1, 2),
	('2022-05-22', 1, 2),
	('2022-05-22', 1, 2),
	('2022-05-22', 1, 2),
	('2022-05-22', 1, 2),
	('2022-05-22', 1, 2),
	('2022-05-22', 1, 2),
	('2022-05-22', 1, 2),
	('2022-05-22', 1, 2),
	('2022-05-22', 1, 2),
	('2022-05-22', 1, 2),
	('2022-05-22', 1, 2),
	('2022-05-22', 1, 2),
	('2022-05-22', 1, 2),
	('2022-05-22', 1, 2),
	('2022-05-22', 1, 2),
	('2022-05-22', 1, 2),
	('2022-05-22', 1, 2),
	('2022-05-22', 1, 2),
	('2022-05-22', 1, 2),
	('2022-05-22', 1, 2),
	('2022-05-22', 1, 2),
	('2022-05-22', 1, 2),
	('2022-05-22', 1, 2),
	('2022-05-22', 1, 2),
	('2022-05-22', 1, 2),
	('2022-05-22', 1, 2),
	('2022-05-22', 1, 2),
	('2022-05-22', 1, 2),
	('2022-05-22', 1, 2),
	('2022-05-22', 1, 2),
	('2022-05-22', 1, 2),
	('2022-05-22', 1, 2),
	('2022-05-22', 1, 2),
	('2022-05-22', 1, 2),
	('2022-05-22', 1, 2),
	('2022-05-22', 1, 2),
	('2022-05-22', 1, 2),
	('2022-05-22', 1, 2),
	('2022-05-22', 1, 2),
	('2022-05-22', 1, 2),
	('2022-05-22', 1, 2),
	('2022-05-22', 1, 2),
	('2022-05-22', 1, 2),
	('2022-05-22', 1, 2),
	('2022-05-22', 1, 2),
	('2022-05-22', 1, 2),
	('2022-05-22', 1, 2),
	('2022-05-22', 1, 2),
	('2022-05-22', 1, 2),
	('2022-05-22', 1, 2),
	('2022-05-22', 1, 2),
	('2022-05-22', 1, 2),
	('2022-05-22', 1, 2),
	('2022-05-22', 1, 2),
	('2022-05-22', 1, 2),
	('2022-05-22', 1, 2),
	('2022-05-22', 1, 2),
	('2022-05-22', 1, 2),
	('2022-05-22', 1, 2),
	('2022-05-22', 1, 2),
	('2022-05-22', 1, 2),
	('2022-05-22', 1, 2),
	('2022-05-22', 1, 2),
	('2022-05-22', 1, 2),
	('2022-05-22', 1, 2),
	('2022-05-22', 1, 2),
	('2022-05-22', 1, 2),
	('2022-05-22', 1, 2),
	('2022-05-22', 1, 2),
	('2022-05-22', 1, 2),
	('2022-05-22', 1, 2),
	('2022-05-22', 1, 2),
	('2022-05-22', 1, 2),
	('2022-05-22', 1, 2),
	('2022-05-22', 1, 2),
	('2022-05-22', 1, 2),
	('2022-05-22', 1, 2),
	('2022-05-22', 1, 2),
	('2022-05-22', 1, 2),
	('2022-05-22', 1, 2),
	('2022-05-22', 1, 2),
	('2022-05-22', 1, 2),
	('2022-05-22', 1, 2),
	('2022-05-22', 1, 2),
	('2022-05-22', 1, 2),
	('2022-05-22', 1, 2),
	('2022-05-22', 1, 2),
	('2022-05-22', 1, 2),
	('2022-05-22', 1, 2),
	('2022-05-22', 1, 2),
	('2022-05-22', 1, 2),
	('2022-05-22', 1, 2),
	('2022-05-22', 1, 2),
	('2022-05-22', 1, 2),
	('2022-05-22', 1, 2),
	('2022-05-22', 1, 2),
	('2022-05-22', 1, 2),
	('2022-05-22', 1, 2),
	('2022-05-22', 1, 2),
	('2022-05-22', 1, 2),
	('2022-05-22', 1, 2),
	('2022-05-22', 1, 2),
	('2022-05-22', 1, 2),
	('2022-05-22', 1, 2),
	('2022-05-22', 1, 2),
	('2022-05-22', 1, 2),
	('2022-05-22', 1, 2),
	('2022-05-22', 1, 2),
	('2022-05-22', 1, 2),
	('2022-05-22', 1, 2),
	('2022-05-22', 1, 2),
	('2022-05-22', 1, 2),
	('2022-05-22', 1, 2),
	('2022-05-22', 1, 2),
	('2022-05-22', 1, 2),
	('2022-05-22', 1, 2),
	('2022-05-22', 1, 2),
	('2022-05-22', 1, 2),
	('2022-05-22', 1, 2),
	('2022-05-22', 1, 2),
	('2022-05-22', 1, 2),
	('2022-05-22', 1, 2),
	('2022-05-22', 1, 2),
	('2022-05-22', 1, 2),
	('2022-05-22', 1, 2),
	('2022-05-22', 1, 2),
	('2022-05-22', 1, 2),
	('2022-05-22', 0, 3),
	('2022-05-22', 0, 3),
	('2022-05-22', 0, 3),
	('2022-05-22', 0, 3),
	('2022-05-22', 0, 3),
	('2022-05-22', 0, 3),
	('2022-05-22', 0, 3),
	('2022-05-22', 0, 3),
	('2022-05-22', 0, 3),
	('2022-05-22', 0, 3),
	('2022-05-22', 0, 3),
	('2022-05-22', 0, 3),
	('2022-05-22', 0, 3),
	('2022-05-22', 0, 3),
	('2022-05-22', 0, 3),
	('2022-05-22', 0, 3),
	('2022-05-22', 0, 3),
	('2022-05-22', 0, 3),
	('2022-05-22', 0, 3),
	('2022-05-22', 0, 3),
	('2022-05-22', 0, 3),
	('2022-05-22', 0, 3),
	('2022-05-22', 0, 3),
	('2022-05-22', 0, 3),
	('2022-05-22', 0, 3),
	('2022-05-22', 0, 3),
	('2022-05-22', 0, 3),
	('2022-05-22', 0, 3),
	('2022-05-22', 0, 3),
	('2022-05-22', 0, 3),
	('2022-05-22', 0, 3),
	('2022-05-22', 0, 3),
	('2022-05-22', 0, 3),
	('2022-05-22', 0, 3),
	('2022-05-22', 0, 3),
	('2022-05-22', 0, 3),
	('2022-05-22', 0, 3),
	('2022-05-22', 0, 3),
	('2022-05-22', 0, 3),
	('2022-05-22', 0, 3),
	('2022-05-22', 0, 3),
	('2022-05-22', 0, 3),
	('2022-05-22', 0, 3),
	('2022-05-22', 0, 3),
	('2022-05-22', 0, 3),
	('2022-05-22', 0, 3),
	('2022-05-22', 0, 3),
	('2022-05-22', 0, 3),
	('2022-05-22', 0, 3),
	('2022-05-22', 0, 3),
	('2022-05-22', 0, 3),
	('2022-05-22', 0, 3),
	('2022-05-22', 0, 3),
	('2022-05-22', 0, 3),
	('2022-05-22', 0, 3),
	('2022-05-22', 0, 3),
	('2022-05-22', 0, 3),
	('2022-05-22', 0, 3),
	('2022-05-22', 0, 3),
	('2022-05-22', 0, 3),
	('2022-05-22', 0, 3),
	('2022-05-22', 0, 3),
	('2022-05-22', 0, 3),
	('2022-05-22', 0, 3),
	('2022-05-22', 0, 3),
	('2022-05-22', 0, 3),
	('2022-05-22', 0, 3),
	('2022-05-22', 0, 3),
	('2022-05-22', 0, 3),
	('2022-05-22', 0, 3),
	('2022-05-22', 0, 3),
	('2022-05-22', 0, 3),
	('2022-05-22', 0, 3),
	('2022-05-22', 0, 3),
	('2022-05-22', 0, 3),
	('2022-05-22', 0, 3),
	('2022-05-22', 0, 3),
	('2022-05-22', 0, 3),
	('2022-05-22', 0, 3),
	('2022-05-22', 0, 3),
	('2022-05-22', 0, 3),
	('2022-05-22', 0, 3),
	('2022-05-22', 0, 3),
	('2022-05-22', 0, 3),
	('2022-05-22', 0, 3),
	('2022-05-22', 0, 3),
	('2022-05-22', 0, 3),
	('2022-05-22', 0, 3),
	('2022-05-22', 0, 3),
	('2022-05-22', 0, 3),
	('2022-05-22', 0, 3),
	('2022-05-22', 0, 3),
	('2022-05-22', 0, 3),
	('2022-05-22', 0, 3),
	('2022-05-22', 0, 3),
	('2022-05-22', 0, 3),
	('2022-05-22', 0, 3),
	('2022-05-22', 0, 3),
	('2022-05-22', 0, 3),
	('2022-05-22', 0, 3),
	('2022-05-22', 0, 3),
	('2022-05-22', 0, 3),
	('2022-05-22', 0, 3),
	('2022-05-22', 0, 3),
	('2022-05-22', 0, 3),
	('2022-05-22', 0, 3),
	('2022-05-22', 0, 3),
	('2022-05-22', 0, 3),
	('2022-05-22', 0, 3),
	('2022-05-22', 0, 3),
	('2022-05-22', 0, 3),
	('2022-05-22', 0, 3),
	('2022-05-22', 0, 3),
	('2022-05-22', 0, 3),
	('2022-05-22', 0, 3),
	('2022-05-22', 0, 3),
	('2022-05-22', 0, 3),
	('2022-05-22', 0, 3),
	('2022-05-22', 0, 3),
	('2022-05-22', 0, 3),
	('2022-05-22', 0, 3),
	('2022-05-22', 0, 3),
	('2022-05-22', 0, 3),
	('2022-05-22', 0, 3),
	('2022-05-22', 0, 3),
	('2022-05-22', 0, 3),
	('2022-05-22', 0, 3),
	('2022-05-22', 0, 3),
	('2022-05-22', 0, 3),
	('2022-05-22', 0, 3),
	('2022-05-22', 0, 3),
	('2022-05-22', 0, 3),
	('2022-05-22', 0, 3),
	('2022-05-22', 0, 3),
	('2022-05-22', 0, 3),
	('2022-05-22', 0, 3),
	('2022-05-22', 0, 3),
	('2022-05-22', 0, 3),
	('2022-05-22', 0, 3),
	('2022-05-22', 0, 3),
	('2022-05-22', 0, 3),
	('2022-05-22', 0, 3),
	('2022-05-22', 0, 3),
	('2022-05-22', 0, 3),
	('2022-05-22', 0, 3),
	('2022-05-22', 0, 3),
	('2022-05-22', 0, 3),
	('2022-05-22', 0, 3),
	('2022-05-22', 0, 3),
	('2022-05-22', 0, 3),
	('2022-05-22', 0, 3),
	('2022-05-22', 0, 3),
	('2022-05-22', 0, 3),
	('2022-05-22', 0, 3),
	('2022-05-22', 0, 3),
	('2022-05-22', 0, 3),
	('2022-05-22', 0, 3),
	('2022-05-22', 0, 3),
	('2022-05-22', 0, 3),
	('2022-05-22', 0, 3),
	('2022-05-22', 0, 3),
	('2022-05-22', 0, 3),
	('2022-05-22', 1, 3),
	('2022-05-22', 1, 3),
	('2022-05-22', 1, 3),
	('2022-05-22', 1, 3),
	('2022-05-22', 1, 3),
	('2022-05-22', 1, 3),
	('2022-05-22', 1, 3),
	('2022-05-22', 1, 3),
	('2022-05-22', 1, 3),
	('2022-05-22', 1, 3),
	('2022-05-22', 1, 3),
	('2022-05-22', 1, 3),
	('2022-05-22', 1, 3),
	('2022-05-22', 1, 3),
	('2022-05-22', 1, 3),
	('2022-05-22', 1, 3),
	('2022-05-22', 1, 3),
	('2022-05-22', 1, 3),
	('2022-05-22', 1, 3),
	('2022-05-22', 1, 3),
	('2022-05-22', 1, 3),
	('2022-05-22', 1, 3),
	('2022-05-22', 1, 3),
	('2022-05-22', 1, 3),
	('2022-05-22', 1, 3),
	('2022-05-22', 1, 3),
	('2022-05-22', 1, 3),
	('2022-05-22', 1, 3),
	('2022-05-22', 1, 3),
	('2022-05-22', 1, 3),
	('2022-05-22', 1, 3),
	('2022-05-22', 1, 3),
	('2022-05-22', 1, 3),
	('2022-05-22', 1, 3),
	('2022-05-22', 1, 3),
	('2022-05-22', 1, 3),
	('2022-05-22', 1, 3),
	('2022-05-22', 1, 3),
	('2022-05-22', 1, 3),
	('2022-05-22', 1, 3),
	('2022-05-22', 1, 3),
	('2022-05-22', 1, 3),
	('2022-05-22', 1, 3),
	('2022-05-22', 1, 3),
	('2022-05-22', 1, 3),
	('2022-05-22', 1, 3),
	('2022-05-22', 1, 3),
	('2022-05-22', 1, 3),
	('2022-05-22', 1, 3),
	('2022-05-22', 1, 3),
	('2022-05-22', 1, 3),
	('2022-05-22', 1, 3),
	('2022-05-22', 1, 3),
	('2022-05-22', 1, 3),
	('2022-05-22', 1, 3),
	('2022-05-22', 1, 3),
	('2022-05-22', 1, 3),
	('2022-05-22', 1, 3),
	('2022-05-22', 1, 3),
	('2022-05-22', 1, 3),
	('2022-05-22', 1, 3),
	('2022-05-22', 1, 3),
	('2022-05-22', 1, 3),
	('2022-05-22', 1, 3),
	('2022-05-22', 1, 3),
	('2022-05-22', 1, 3),
	('2022-05-22', 1, 3),
	('2022-05-22', 1, 3),
	('2022-05-22', 1, 3),
	('2022-05-22', 1, 3),
	('2022-05-22', 1, 3),
	('2022-05-22', 1, 3),
	('2022-05-22', 1, 3),
	('2022-05-22', 1, 3),
	('2022-05-22', 1, 3),
	('2022-05-22', 1, 3),
	('2022-05-22', 1, 3),
	('2022-05-22', 1, 3),
	('2022-05-22', 1, 3),
	('2022-05-22', 1, 3),
	('2022-05-22', 1, 3),
	('2022-05-22', 1, 3),
	('2022-05-22', 1, 3),
	('2022-05-22', 1, 3),
	('2022-05-22', 1, 3),
	('2022-05-22', 1, 3),
	('2022-05-22', 1, 3),
	('2022-05-22', 1, 3),
	('2022-05-22', 1, 3),
	('2022-05-22', 1, 3),
	('2022-05-22', 1, 3),
	('2022-05-22', 1, 3),
	('2022-05-22', 1, 3),
	('2022-05-22', 1, 3),
	('2022-05-22', 1, 3),
	('2022-05-22', 1, 3),
	('2022-05-22', 1, 3),
	('2022-05-22', 1, 3),
	('2022-05-22', 1, 3),
	('2022-05-22', 1, 3),
	('2022-05-22', 1, 3),
	('2022-05-22', 1, 3),
	('2022-05-22', 1, 3),
	('2022-05-22', 1, 3),
	('2022-05-22', 1, 3),
	('2022-05-22', 1, 3),
	('2022-05-22', 1, 3),
	('2022-05-22', 1, 3),
	('2022-05-22', 1, 3),
	('2022-05-22', 1, 3),
	('2022-05-22', 1, 3),
	('2022-05-22', 1, 3),
	('2022-05-22', 1, 3),
	('2022-05-22', 1, 3),
	('2022-05-22', 1, 3),
	('2022-05-22', 1, 3),
	('2022-05-22', 1, 3),
	('2022-05-22', 1, 3),
	('2022-05-22', 1, 3),
	('2022-05-22', 1, 3),
	('2022-05-22', 1, 3),
	('2022-05-22', 1, 3),
	('2022-05-22', 1, 3),
	('2022-05-22', 1, 3),
	('2022-05-22', 1, 3),
	('2022-05-22', 1, 3),
	('2022-05-22', 1, 3),
	('2022-05-22', 1, 3),
	('2022-05-22', 1, 3),
	('2022-05-22', 1, 3),
	('2022-05-22', 1, 3),
	('2022-05-22', 1, 3),
	('2022-05-22', 1, 3),
	('2022-05-22', 1, 3),
	('2022-05-22', 1, 3),
	('2022-05-22', 1, 3),
	('2022-05-22', 1, 3),
	('2022-05-22', 1, 3),
	('2022-05-22', 1, 3),
	('2022-05-22', 1, 3),
	('2022-05-22', 1, 3),
	('2022-05-22', 1, 3),
	('2022-05-22', 1, 3),
	('2022-05-22', 1, 3),
	('2022-05-22', 1, 3),
	('2022-05-22', 1, 3),
	('2022-05-22', 1, 3),
	('2022-05-22', 1, 3),
	('2022-05-22', 1, 3),
	('2022-05-22', 1, 3),
	('2022-05-22', 1, 3),
	('2022-05-22', 1, 3),
	('2022-05-22', 1, 3),
	('2022-05-22', 1, 3),
	('2022-05-22', 1, 3),
	('2022-05-22', 1, 3),
	('2022-05-22', 1, 3),
	('2022-05-22', 1, 3),
	('2022-05-22', 1, 3),
	('2022-05-22', 1, 3),
	('2022-05-22', 0, 4),
	('2022-05-22', 0, 4),
	('2022-05-22', 0, 4),
	('2022-05-22', 0, 4),
	('2022-05-22', 0, 4),
	('2022-05-22', 0, 4),
	('2022-05-22', 0, 4),
	('2022-05-22', 0, 4),
	('2022-05-22', 0, 4),
	('2022-05-22', 0, 4),
	('2022-05-22', 0, 4),
	('2022-05-22', 0, 4),
	('2022-05-22', 0, 4),
	('2022-05-22', 0, 4),
	('2022-05-22', 0, 4),
	('2022-05-22', 0, 4),
	('2022-05-22', 0, 4),
	('2022-05-22', 0, 4),
	('2022-05-22', 0, 4),
	('2022-05-22', 0, 4),
	('2022-05-22', 0, 4),
	('2022-05-22', 0, 4),
	('2022-05-22', 0, 4),
	('2022-05-22', 0, 4),
	('2022-05-22', 0, 4),
	('2022-05-22', 0, 4),
	('2022-05-22', 0, 4),
	('2022-05-22', 0, 4),
	('2022-05-22', 0, 4),
	('2022-05-22', 0, 4),
	('2022-05-22', 0, 4),
	('2022-05-22', 0, 4),
	('2022-05-22', 0, 4),
	('2022-05-22', 0, 4),
	('2022-05-22', 0, 4),
	('2022-05-22', 0, 4),
	('2022-05-22', 0, 4),
	('2022-05-22', 0, 4),
	('2022-05-22', 0, 4),
	('2022-05-22', 0, 4),
	('2022-05-22', 0, 4),
	('2022-05-22', 0, 4),
	('2022-05-22', 0, 4),
	('2022-05-22', 0, 4),
	('2022-05-22', 0, 4),
	('2022-05-22', 0, 4),
	('2022-05-22', 0, 4),
	('2022-05-22', 0, 4),
	('2022-05-22', 0, 4),
	('2022-05-22', 0, 4),
	('2022-05-22', 0, 4),
	('2022-05-22', 0, 4),
	('2022-05-22', 0, 4),
	('2022-05-22', 0, 4),
	('2022-05-22', 0, 4),
	('2022-05-22', 0, 4),
	('2022-05-22', 0, 4),
	('2022-05-22', 0, 4),
	('2022-05-22', 0, 4),
	('2022-05-22', 0, 4),
	('2022-05-22', 0, 4),
	('2022-05-22', 0, 4),
	('2022-05-22', 0, 4),
	('2022-05-22', 0, 4),
	('2022-05-22', 0, 4),
	('2022-05-22', 0, 4),
	('2022-05-22', 0, 4),
	('2022-05-22', 0, 4),
	('2022-05-22', 0, 4),
	('2022-05-22', 0, 4),
	('2022-05-22', 0, 4),
	('2022-05-22', 0, 4),
	('2022-05-22', 0, 4),
	('2022-05-22', 0, 4),
	('2022-05-22', 0, 4),
	('2022-05-22', 0, 4),
	('2022-05-22', 0, 4),
	('2022-05-22', 0, 4),
	('2022-05-22', 0, 4),
	('2022-05-22', 0, 4),
	('2022-05-22', 0, 4),
	('2022-05-22', 0, 4),
	('2022-05-22', 0, 4),
	('2022-05-22', 0, 4),
	('2022-05-22', 0, 4),
	('2022-05-22', 0, 4),
	('2022-05-22', 0, 4),
	('2022-05-22', 0, 4),
	('2022-05-22', 0, 4),
	('2022-05-22', 0, 4),
	('2022-05-22', 0, 4),
	('2022-05-22', 0, 4),
	('2022-05-22', 0, 4),
	('2022-05-22', 0, 4),
	('2022-05-22', 0, 4),
	('2022-05-22', 0, 4),
	('2022-05-22', 0, 4),
	('2022-05-22', 0, 4),
	('2022-05-22', 0, 4),
	('2022-05-22', 0, 4),
	('2022-05-22', 0, 4),
	('2022-05-22', 0, 4),
	('2022-05-22', 0, 4),
	('2022-05-22', 0, 4),
	('2022-05-22', 0, 4),
	('2022-05-22', 0, 4),
	('2022-05-22', 0, 4),
	('2022-05-22', 0, 4),
	('2022-05-22', 0, 4),
	('2022-05-22', 0, 4),
	('2022-05-22', 0, 4),
	('2022-05-22', 0, 4),
	('2022-05-22', 0, 4),
	('2022-05-22', 0, 4),
	('2022-05-22', 0, 4),
	('2022-05-22', 0, 4),
	('2022-05-22', 0, 4),
	('2022-05-22', 0, 4),
	('2022-05-22', 0, 4),
	('2022-05-22', 0, 4),
	('2022-05-22', 0, 4),
	('2022-05-22', 0, 4),
	('2022-05-22', 0, 4),
	('2022-05-22', 0, 4),
	('2022-05-22', 0, 4),
	('2022-05-22', 0, 4),
	('2022-05-22', 0, 4),
	('2022-05-22', 0, 4),
	('2022-05-22', 0, 4),
	('2022-05-22', 0, 4),
	('2022-05-22', 0, 4),
	('2022-05-22', 0, 4),
	('2022-05-22', 0, 4),
	('2022-05-22', 0, 4),
	('2022-05-22', 0, 4),
	('2022-05-22', 0, 4),
	('2022-05-22', 0, 4),
	('2022-05-22', 0, 4),
	('2022-05-22', 0, 4),
	('2022-05-22', 0, 4),
	('2022-05-22', 0, 4),
	('2022-05-22', 0, 4),
	('2022-05-22', 0, 4),
	('2022-05-22', 0, 4),
	('2022-05-22', 0, 4),
	('2022-05-22', 0, 4),
	('2022-05-22', 0, 4),
	('2022-05-22', 0, 4),
	('2022-05-22', 0, 4),
	('2022-05-22', 0, 4),
	('2022-05-22', 0, 4),
	('2022-05-22', 0, 4),
	('2022-05-22', 0, 4),
	('2022-05-22', 0, 4),
	('2022-05-22', 0, 4),
	('2022-05-22', 0, 4),
	('2022-05-22', 0, 4),
	('2022-05-22', 0, 4),
	('2022-05-22', 0, 4),
	('2022-05-22', 0, 4),
	('2022-05-22', 0, 4),
	('2022-05-22', 0, 4),
	('2022-05-22', 0, 4),
	('2022-05-22', 0, 4),
	('2022-05-22', 1, 4),
	('2022-05-22', 1, 4),
	('2022-05-22', 1, 4),
	('2022-05-22', 1, 4),
	('2022-05-22', 1, 4),
	('2022-05-22', 1, 4),
	('2022-05-22', 1, 4),
	('2022-05-22', 1, 4),
	('2022-05-22', 1, 4),
	('2022-05-22', 1, 4),
	('2022-05-22', 1, 4),
	('2022-05-22', 1, 4),
	('2022-05-22', 1, 4),
	('2022-05-22', 1, 4),
	('2022-05-22', 1, 4),
	('2022-05-22', 1, 4),
	('2022-05-22', 1, 4),
	('2022-05-22', 1, 4),
	('2022-05-22', 1, 4),
	('2022-05-22', 1, 4),
	('2022-05-22', 1, 4),
	('2022-05-22', 1, 4),
	('2022-05-22', 1, 4),
	('2022-05-22', 1, 4),
	('2022-05-22', 1, 4),
	('2022-05-22', 1, 4),
	('2022-05-22', 1, 4),
	('2022-05-22', 1, 4),
	('2022-05-22', 1, 4),
	('2022-05-22', 1, 4),
	('2022-05-22', 1, 4),
	('2022-05-22', 1, 4),
	('2022-05-22', 1, 4),
	('2022-05-22', 1, 4),
	('2022-05-22', 1, 4),
	('2022-05-22', 1, 4),
	('2022-05-22', 1, 4),
	('2022-05-22', 1, 4),
	('2022-05-22', 1, 4),
	('2022-05-22', 1, 4),
	('2022-05-22', 1, 4),
	('2022-05-22', 1, 4),
	('2022-05-22', 1, 4),
	('2022-05-22', 1, 4),
	('2022-05-22', 1, 4),
	('2022-05-22', 1, 4),
	('2022-05-22', 1, 4),
	('2022-05-22', 1, 4),
	('2022-05-22', 1, 4),
	('2022-05-22', 1, 4),
	('2022-05-22', 1, 4),
	('2022-05-22', 1, 4),
	('2022-05-22', 1, 4),
	('2022-05-22', 1, 4),
	('2022-05-22', 1, 4),
	('2022-05-22', 1, 4),
	('2022-05-22', 1, 4),
	('2022-05-22', 1, 4),
	('2022-05-22', 1, 4),
	('2022-05-22', 1, 4),
	('2022-05-22', 1, 4),
	('2022-05-22', 1, 4),
	('2022-05-22', 1, 4),
	('2022-05-22', 1, 4),
	('2022-05-22', 1, 4),
	('2022-05-22', 1, 4),
	('2022-05-22', 1, 4),
	('2022-05-22', 1, 4),
	('2022-05-22', 1, 4),
	('2022-05-22', 1, 4),
	('2022-05-22', 1, 4),
	('2022-05-22', 1, 4),
	('2022-05-22', 1, 4),
	('2022-05-22', 1, 4),
	('2022-05-22', 1, 4),
	('2022-05-22', 1, 4),
	('2022-05-22', 1, 4),
	('2022-05-22', 1, 4),
	('2022-05-22', 1, 4),
	('2022-05-22', 1, 4),
	('2022-05-22', 1, 4),
	('2022-05-22', 1, 4),
	('2022-05-22', 1, 4),
	('2022-05-22', 1, 4),
	('2022-05-22', 1, 4),
	('2022-05-22', 1, 4),
	('2022-05-22', 1, 4),
	('2022-05-22', 1, 4),
	('2022-05-22', 1, 4),
	('2022-05-22', 1, 4),
	('2022-05-22', 1, 4),
	('2022-05-22', 1, 4),
	('2022-05-22', 1, 4),
	('2022-05-22', 1, 4),
	('2022-05-22', 1, 4),
	('2022-05-22', 1, 4),
	('2022-05-22', 1, 4),
	('2022-05-22', 1, 4),
	('2022-05-22', 1, 4),
	('2022-05-22', 1, 4),
	('2022-05-22', 1, 4),
	('2022-05-22', 1, 4),
	('2022-05-22', 1, 4),
	('2022-05-22', 1, 4),
	('2022-05-22', 1, 4),
	('2022-05-22', 1, 4),
	('2022-05-22', 1, 4),
	('2022-05-22', 1, 4),
	('2022-05-22', 1, 4),
	('2022-05-22', 1, 4),
	('2022-05-22', 1, 4),
	('2022-05-22', 1, 4),
	('2022-05-22', 1, 4),
	('2022-05-22', 1, 4),
	('2022-05-22', 1, 4),
	('2022-05-22', 1, 4),
	('2022-05-22', 1, 4),
	('2022-05-22', 1, 4),
	('2022-05-22', 1, 4),
	('2022-05-22', 1, 4),
	('2022-05-22', 1, 4),
	('2022-05-22', 1, 4),
	('2022-05-22', 1, 4),
	('2022-05-22', 1, 4),
	('2022-05-22', 1, 4),
	('2022-05-22', 1, 4),
	('2022-05-22', 1, 4),
	('2022-05-22', 1, 4),
	('2022-05-22', 1, 4),
	('2022-05-22', 1, 4),
	('2022-05-22', 1, 4),
	('2022-05-22', 1, 4),
	('2022-05-22', 1, 4),
	('2022-05-22', 1, 4),
	('2022-05-22', 1, 4),
	('2022-05-22', 1, 4),
	('2022-05-22', 1, 4),
	('2022-05-22', 1, 4),
	('2022-05-22', 1, 4),
	('2022-05-22', 1, 4),
	('2022-05-22', 1, 4),
	('2022-05-22', 1, 4),
	('2022-05-22', 1, 4),
	('2022-05-22', 1, 4),
	('2022-05-22', 1, 4),
	('2022-05-22', 1, 4),
	('2022-05-22', 1, 4),
	('2022-05-22', 1, 4),
	('2022-05-22', 1, 4),
	('2022-05-22', 1, 4),
	('2022-05-22', 1, 4),
	('2022-05-22', 1, 4);
    
    
    -- SHOPPING ITAQUERA - DIA 23/05/2022
insert into Registro (dataCaptura, captura, fkSensor) values
	('2022-05-23', 0, 1),
	('2022-05-23', 0, 1),
	('2022-05-23', 0, 1),
	('2022-05-23', 0, 1),
	('2022-05-23', 0, 1),
	('2022-05-23', 0, 1),
	('2022-05-23', 0, 1),
	('2022-05-23', 0, 1),
	('2022-05-23', 0, 1),
	('2022-05-23', 0, 1),
	('2022-05-23', 0, 1),
	('2022-05-23', 0, 1),
	('2022-05-23', 0, 1),
	('2022-05-23', 0, 1),
	('2022-05-23', 0, 1),
	('2022-05-23', 0, 1),
	('2022-05-23', 0, 1),
	('2022-05-23', 0, 1),
	('2022-05-23', 0, 1),
	('2022-05-23', 0, 1),
	('2022-05-23', 0, 1),
	('2022-05-23', 0, 1),
	('2022-05-23', 0, 1),
	('2022-05-23', 0, 1),
	('2022-05-23', 0, 1),
	('2022-05-23', 0, 1),
	('2022-05-23', 0, 1),
	('2022-05-23', 0, 1),
	('2022-05-23', 0, 1),
	('2022-05-23', 0, 1),
	('2022-05-23', 0, 1),
	('2022-05-23', 0, 1),
	('2022-05-23', 0, 1),
	('2022-05-23', 0, 1),
	('2022-05-23', 0, 1),
	('2022-05-23', 0, 1),
	('2022-05-23', 0, 1),
	('2022-05-23', 0, 1),
	('2022-05-23', 0, 1),
	('2022-05-23', 0, 1),
	('2022-05-23', 0, 1),
	('2022-05-23', 0, 1),
	('2022-05-23', 0, 1),
	('2022-05-23', 0, 1),
	('2022-05-23', 0, 1),
	('2022-05-23', 0, 1),
	('2022-05-23', 0, 1),
	('2022-05-23', 0, 1),
	('2022-05-23', 0, 1),
	('2022-05-23', 0, 1),
	('2022-05-23', 0, 1),
	('2022-05-23', 0, 1),
	('2022-05-23', 0, 1),
	('2022-05-23', 0, 1),
	('2022-05-23', 0, 1),
	('2022-05-23', 0, 1),
	('2022-05-23', 0, 1),
	('2022-05-23', 0, 1),
	('2022-05-23', 0, 1),
	('2022-05-23', 0, 1),
	('2022-05-23', 0, 1),
	('2022-05-23', 0, 1),
	('2022-05-23', 0, 1),
	('2022-05-23', 0, 1),
	('2022-05-23', 0, 1),
	('2022-05-23', 0, 1),
	('2022-05-23', 0, 1),
	('2022-05-23', 0, 1),
	('2022-05-23', 0, 1),
	('2022-05-23', 0, 1),
	('2022-05-23', 0, 1),
	('2022-05-23', 0, 1),
	('2022-05-23', 0, 1),
	('2022-05-23', 0, 1),
	('2022-05-23', 0, 1),
	('2022-05-23', 0, 1),
	('2022-05-23', 0, 1),
	('2022-05-23', 0, 1),
	('2022-05-23', 0, 1),
	('2022-05-23', 0, 1),
	('2022-05-23', 0, 1),
	('2022-05-23', 0, 1),
	('2022-05-23', 0, 1),
	('2022-05-23', 0, 1),
	('2022-05-23', 0, 1),
	('2022-05-23', 0, 1),
	('2022-05-23', 0, 1),
	('2022-05-23', 0, 1),
	('2022-05-23', 0, 1),
	('2022-05-23', 0, 1),
	('2022-05-23', 0, 1),
	('2022-05-23', 0, 1),
	('2022-05-23', 0, 1),
	('2022-05-23', 0, 1),
	('2022-05-23', 0, 1),
	('2022-05-23', 0, 1),
	('2022-05-23', 0, 1),
	('2022-05-23', 0, 1),
	('2022-05-23', 0, 1),
	('2022-05-23', 0, 1),
	('2022-05-23', 0, 1),
	('2022-05-23', 0, 1),
	('2022-05-23', 0, 1),
	('2022-05-23', 0, 1),
	('2022-05-23', 0, 1),
	('2022-05-23', 0, 1),
	('2022-05-23', 0, 1),
	('2022-05-23', 0, 1),
	('2022-05-23', 0, 1),
	('2022-05-23', 0, 1),
	('2022-05-23', 0, 1),
	('2022-05-23', 0, 1),
	('2022-05-23', 0, 1),
	('2022-05-23', 0, 1),
	('2022-05-23', 0, 1),
	('2022-05-23', 0, 1),
	('2022-05-23', 0, 1),
	('2022-05-23', 0, 1),
	('2022-05-23', 0, 1),
	('2022-05-23', 0, 1),
	('2022-05-23', 0, 1),
	('2022-05-23', 0, 1),
	('2022-05-23', 0, 1),
	('2022-05-23', 0, 1),
	('2022-05-23', 0, 1),
	('2022-05-23', 0, 1),
	('2022-05-23', 0, 1),
	('2022-05-23', 0, 1),
	('2022-05-23', 0, 1),
	('2022-05-23', 0, 1),
	('2022-05-23', 0, 1),
	('2022-05-23', 0, 1),
	('2022-05-23', 0, 1),
	('2022-05-23', 0, 1),
	('2022-05-23', 0, 1),
	('2022-05-23', 0, 1),
	('2022-05-23', 0, 1),
	('2022-05-23', 0, 1),
	('2022-05-23', 0, 1),
	('2022-05-23', 0, 1),
	('2022-05-23', 0, 1),
	('2022-05-23', 0, 1),
	('2022-05-23', 0, 1),
	('2022-05-23', 0, 1),
	('2022-05-23', 0, 1),
	('2022-05-23', 0, 1),
	('2022-05-23', 0, 1),
	('2022-05-23', 0, 1),
	('2022-05-23', 0, 1),
	('2022-05-23', 0, 1),
	('2022-05-23', 0, 1),
	('2022-05-23', 0, 1),
	('2022-05-23', 0, 1),
	('2022-05-23', 0, 1),
	('2022-05-23', 0, 1),
	('2022-05-23', 0, 1),
	('2022-05-23', 0, 1),
	('2022-05-23', 0, 1),
	('2022-05-23', 0, 1),
	('2022-05-23', 0, 1),
	('2022-05-23', 0, 1),
	('2022-05-23', 0, 1),
	('2022-05-23', 0, 1),
	('2022-05-23', 0, 1),
	('2022-05-23', 0, 1),
	('2022-05-23', 0, 1),
	('2022-05-23', 0, 1),
	('2022-05-23', 0, 1),
	('2022-05-23', 0, 1),
	('2022-05-23', 0, 1),
	('2022-05-23', 0, 1),
	('2022-05-23', 0, 1),
	('2022-05-23', 0, 1),
	('2022-05-23', 0, 1),
	('2022-05-23', 0, 1),
	('2022-05-23', 0, 1),
	('2022-05-23', 0, 1),
	('2022-05-23', 0, 1),
	('2022-05-23', 0, 1),
	('2022-05-23', 0, 1),
	('2022-05-23', 0, 1),
	('2022-05-23', 0, 1),
	('2022-05-23', 0, 1),
	('2022-05-23', 0, 1),
	('2022-05-23', 0, 1),
	('2022-05-23', 0, 1),
	('2022-05-23', 0, 1),
	('2022-05-23', 0, 1),
	('2022-05-23', 0, 1),
	('2022-05-23', 0, 1),
	('2022-05-23', 0, 1),
	('2022-05-23', 0, 1),
	('2022-05-23', 0, 1),
	('2022-05-23', 0, 1),
	('2022-05-23', 0, 1),
	('2022-05-23', 0, 1),
	('2022-05-23', 0, 1),
	('2022-05-23', 0, 1),
	('2022-05-23', 0, 1),
	('2022-05-23', 0, 1),
	('2022-05-23', 0, 1),
	('2022-05-23', 0, 1),
	('2022-05-23', 0, 1),
	('2022-05-23', 0, 1),
	('2022-05-23', 0, 1),
	('2022-05-23', 0, 1),
	('2022-05-23', 0, 1),
	('2022-05-23', 0, 1),
	('2022-05-23', 0, 1),
	('2022-05-23', 0, 1),
	('2022-05-23', 0, 1),
	('2022-05-23', 0, 1),
	('2022-05-23', 0, 1),
	('2022-05-23', 0, 1),
	('2022-05-23', 0, 1),
	('2022-05-23', 0, 1),
	('2022-05-23', 0, 1),
	('2022-05-23', 0, 1),
	('2022-05-23', 0, 1),
	('2022-05-23', 0, 1),
	('2022-05-23', 0, 1),
	('2022-05-23', 0, 1),
	('2022-05-23', 0, 1),
	('2022-05-23', 0, 1),
	('2022-05-23', 0, 1),
	('2022-05-23', 0, 1),
	('2022-05-23', 0, 1),
	('2022-05-23', 0, 1),
	('2022-05-23', 0, 1),
	('2022-05-23', 0, 1),
	('2022-05-23', 0, 1),
	('2022-05-23', 0, 1),
	('2022-05-23', 0, 1),
	('2022-05-23', 0, 1),
	('2022-05-23', 0, 1),
	('2022-05-23', 0, 1),
	('2022-05-23', 0, 1),
	('2022-05-23', 0, 1),
	('2022-05-23', 0, 1),
	('2022-05-23', 0, 1),
	('2022-05-23', 0, 1),
	('2022-05-23', 0, 1),
	('2022-05-23', 0, 1),
	('2022-05-23', 0, 1),
	('2022-05-23', 0, 1),
	('2022-05-23', 0, 1),
	('2022-05-23', 0, 1),
	('2022-05-23', 0, 1),
	('2022-05-23', 0, 1),
	('2022-05-23', 0, 1),
	('2022-05-23', 0, 1),
	('2022-05-23', 0, 1),
	('2022-05-23', 0, 1),
	('2022-05-23', 0, 1),
	('2022-05-23', 0, 1),
	('2022-05-23', 0, 1),
	('2022-05-23', 0, 1),
	('2022-05-23', 0, 1),
	('2022-05-23', 0, 1),
	('2022-05-23', 0, 1),
	('2022-05-23', 0, 1),
	('2022-05-23', 0, 1),
	('2022-05-23', 0, 1),
	('2022-05-23', 0, 1),
	('2022-05-23', 0, 1),
	('2022-05-23', 0, 1),
	('2022-05-23', 0, 1),
	('2022-05-23', 0, 1),
	('2022-05-23', 0, 1),
	('2022-05-23', 0, 1),
	('2022-05-23', 0, 1),
	('2022-05-23', 0, 1),
	('2022-05-23', 0, 1),
	('2022-05-23', 1, 1),
	('2022-05-23', 1, 1),
	('2022-05-23', 1, 1),
	('2022-05-23', 1, 1),
	('2022-05-23', 1, 1),
	('2022-05-23', 1, 1),
	('2022-05-23', 1, 1),
	('2022-05-23', 1, 1),
	('2022-05-23', 1, 1),
	('2022-05-23', 1, 1),
	('2022-05-23', 1, 1),
	('2022-05-23', 1, 1),
	('2022-05-23', 1, 1),
	('2022-05-23', 1, 1),
	('2022-05-23', 1, 1),
	('2022-05-23', 1, 1),
	('2022-05-23', 1, 1),
	('2022-05-23', 1, 1),
	('2022-05-23', 1, 1),
	('2022-05-23', 1, 1),
	('2022-05-23', 1, 1),
	('2022-05-23', 1, 1),
	('2022-05-23', 1, 1),
	('2022-05-23', 1, 1),
	('2022-05-23', 1, 1),
	('2022-05-23', 1, 1),
	('2022-05-23', 1, 1),
	('2022-05-23', 1, 1),
	('2022-05-23', 1, 1),
	('2022-05-23', 1, 1),
	('2022-05-23', 1, 1),
	('2022-05-23', 1, 1),
	('2022-05-23', 1, 1),
	('2022-05-23', 1, 1),
	('2022-05-23', 1, 1),
	('2022-05-23', 1, 1),
	('2022-05-23', 1, 1),
	('2022-05-23', 1, 1),
	('2022-05-23', 1, 1),
	('2022-05-23', 1, 1),
	('2022-05-23', 1, 1),
	('2022-05-23', 1, 1),
	('2022-05-23', 1, 1),
	('2022-05-23', 1, 1),
	('2022-05-23', 1, 1),
	('2022-05-23', 1, 1),
	('2022-05-23', 1, 1),
	('2022-05-23', 1, 1),
	('2022-05-23', 1, 1),
	('2022-05-23', 1, 1),
	('2022-05-23', 1, 1),
	('2022-05-23', 1, 1),
	('2022-05-23', 1, 1),
	('2022-05-23', 1, 1),
	('2022-05-23', 1, 1),
	('2022-05-23', 1, 1),
	('2022-05-23', 1, 1),
	('2022-05-23', 1, 1),
	('2022-05-23', 1, 1),
	('2022-05-23', 1, 1),
	('2022-05-23', 1, 1),
	('2022-05-23', 1, 1),
	('2022-05-23', 1, 1),
	('2022-05-23', 1, 1),
	('2022-05-23', 1, 1),
	('2022-05-23', 1, 1),
	('2022-05-23', 1, 1),
	('2022-05-23', 1, 1),
	('2022-05-23', 1, 1),
	('2022-05-23', 1, 1),
	('2022-05-23', 1, 1),
	('2022-05-23', 1, 1),
	('2022-05-23', 1, 1),
	('2022-05-23', 1, 1),
	('2022-05-23', 1, 1),
	('2022-05-23', 1, 1),
	('2022-05-23', 1, 1),
	('2022-05-23', 1, 1),
	('2022-05-23', 1, 1),
	('2022-05-23', 1, 1),
	('2022-05-23', 1, 1),
	('2022-05-23', 1, 1),
	('2022-05-23', 1, 1),
	('2022-05-23', 1, 1),
	('2022-05-23', 1, 1),
	('2022-05-23', 1, 1),
	('2022-05-23', 1, 1),
	('2022-05-23', 1, 1),
	('2022-05-23', 1, 1),
	('2022-05-23', 1, 1),
	('2022-05-23', 1, 1),
	('2022-05-23', 1, 1),
	('2022-05-23', 1, 1),
	('2022-05-23', 1, 1),
	('2022-05-23', 1, 1),
	('2022-05-23', 1, 1),
	('2022-05-23', 1, 1),
	('2022-05-23', 1, 1),
	('2022-05-23', 1, 1),
	('2022-05-23', 1, 1),
	('2022-05-23', 1, 1),
	('2022-05-23', 1, 1),
	('2022-05-23', 1, 1),
	('2022-05-23', 1, 1),
	('2022-05-23', 1, 1),
	('2022-05-23', 1, 1),
	('2022-05-23', 1, 1),
	('2022-05-23', 1, 1),
	('2022-05-23', 1, 1),
	('2022-05-23', 1, 1),
	('2022-05-23', 1, 1),
	('2022-05-23', 1, 1),
	('2022-05-23', 1, 1),
	('2022-05-23', 1, 1),
	('2022-05-23', 1, 1),
	('2022-05-23', 1, 1),
	('2022-05-23', 1, 1),
	('2022-05-23', 1, 1),
	('2022-05-23', 1, 1),
	('2022-05-23', 1, 1),
	('2022-05-23', 1, 1),
	('2022-05-23', 1, 1),
	('2022-05-23', 1, 1),
	('2022-05-23', 1, 1),
	('2022-05-23', 1, 1),
	('2022-05-23', 1, 1),
	('2022-05-23', 1, 1),
	('2022-05-23', 1, 1),
	('2022-05-23', 1, 1),
	('2022-05-23', 1, 1),
	('2022-05-23', 1, 1),
	('2022-05-23', 1, 1),
	('2022-05-23', 1, 1),
	('2022-05-23', 1, 1),
	('2022-05-23', 1, 1),
	('2022-05-23', 1, 1),
	('2022-05-23', 1, 1),
	('2022-05-23', 1, 1),
	('2022-05-23', 1, 1),
	('2022-05-23', 1, 1),
	('2022-05-23', 1, 1),
	('2022-05-23', 1, 1),
	('2022-05-23', 1, 1),
	('2022-05-23', 1, 1),
	('2022-05-23', 1, 1),
	('2022-05-23', 1, 1),
	('2022-05-23', 1, 1),
	('2022-05-23', 1, 1),
	('2022-05-23', 1, 1),
	('2022-05-23', 1, 1),
	('2022-05-23', 1, 1),
	('2022-05-23', 1, 1),
	('2022-05-23', 1, 1),
	('2022-05-23', 1, 1),
	('2022-05-23', 1, 1),
	('2022-05-23', 1, 1),
	('2022-05-23', 1, 1),
	('2022-05-23', 1, 1),
	('2022-05-23', 1, 1),
	('2022-05-23', 1, 1),
	('2022-05-23', 1, 1),
	('2022-05-23', 1, 1),
	('2022-05-23', 1, 1),
	('2022-05-23', 1, 1),
	('2022-05-23', 1, 1),
	('2022-05-23', 1, 1),
	('2022-05-23', 1, 1),
	('2022-05-23', 1, 1),
	('2022-05-23', 1, 1),
	('2022-05-23', 1, 1),
	('2022-05-23', 1, 1),
	('2022-05-23', 1, 1),
	('2022-05-23', 1, 1),
	('2022-05-23', 1, 1),
	('2022-05-23', 1, 1),
	('2022-05-23', 1, 1),
	('2022-05-23', 1, 1),
	('2022-05-23', 1, 1),
	('2022-05-23', 1, 1),
	('2022-05-23', 1, 1),
	('2022-05-23', 1, 1),
	('2022-05-23', 1, 1),
	('2022-05-23', 1, 1),
	('2022-05-23', 1, 1),
	('2022-05-23', 1, 1),
	('2022-05-23', 1, 1),
	('2022-05-23', 1, 1),
	('2022-05-23', 1, 1),
	('2022-05-23', 1, 1),
	('2022-05-23', 1, 1),
	('2022-05-23', 1, 1),
	('2022-05-23', 1, 1),
	('2022-05-23', 1, 1),
	('2022-05-23', 1, 1),
	('2022-05-23', 1, 1),
	('2022-05-23', 1, 1),
	('2022-05-23', 1, 1),
	('2022-05-23', 1, 1),
	('2022-05-23', 1, 1),
	('2022-05-23', 1, 1),
	('2022-05-23', 1, 1),
	('2022-05-23', 1, 1),
	('2022-05-23', 1, 1),
	('2022-05-23', 1, 1),
	('2022-05-23', 1, 1),
	('2022-05-23', 1, 1),
	('2022-05-23', 1, 1),
	('2022-05-23', 1, 1),
	('2022-05-23', 1, 1),
	('2022-05-23', 1, 1),
	('2022-05-23', 1, 1),
	('2022-05-23', 1, 1),
	('2022-05-23', 1, 1),
	('2022-05-23', 1, 1),
	('2022-05-23', 1, 1),
	('2022-05-23', 1, 1),
	('2022-05-23', 1, 1),
	('2022-05-23', 1, 1),
	('2022-05-23', 1, 1),
	('2022-05-23', 1, 1),
	('2022-05-23', 1, 1),
	('2022-05-23', 1, 1),
	('2022-05-23', 1, 1),
	('2022-05-23', 1, 1),
	('2022-05-23', 1, 1),
	('2022-05-23', 1, 1),
	('2022-05-23', 1, 1),
	('2022-05-23', 1, 1),
	('2022-05-23', 1, 1),
	('2022-05-23', 1, 1),
	('2022-05-23', 1, 1),
	('2022-05-23', 1, 1),
	('2022-05-23', 1, 1),
	('2022-05-23', 1, 1),
	('2022-05-23', 1, 1),
	('2022-05-23', 1, 1),
	('2022-05-23', 1, 1),
	('2022-05-23', 1, 1),
	('2022-05-23', 1, 1),
	('2022-05-23', 1, 1),
	('2022-05-23', 1, 1),
	('2022-05-23', 1, 1),
	('2022-05-23', 1, 1),
	('2022-05-23', 1, 1),
	('2022-05-23', 1, 1),
	('2022-05-23', 1, 1),
	('2022-05-23', 1, 1),
	('2022-05-23', 1, 1),
	('2022-05-23', 1, 1),
	('2022-05-23', 1, 1),
	('2022-05-23', 1, 1),
	('2022-05-23', 1, 1),
	('2022-05-23', 1, 1),
	('2022-05-23', 1, 1),
	('2022-05-23', 1, 1),
	('2022-05-23', 1, 1),
	('2022-05-23', 1, 1),
	('2022-05-23', 1, 1),
	('2022-05-23', 1, 1),
	('2022-05-23', 1, 1),
	('2022-05-23', 1, 1),
	('2022-05-23', 1, 1),
	('2022-05-23', 1, 1),
	('2022-05-23', 1, 1),
	('2022-05-23', 1, 1),
	('2022-05-23', 1, 1),
	('2022-05-23', 1, 1),
	('2022-05-23', 1, 1),
	('2022-05-23', 1, 1),
	('2022-05-23', 1, 1),
	('2022-05-23', 1, 1),
	('2022-05-23', 1, 1),
	('2022-05-23', 1, 1),
	('2022-05-23', 1, 1),
	('2022-05-23', 1, 1),
	('2022-05-23', 1, 1),
	('2022-05-23', 1, 1),
	('2022-05-23', 1, 1),
	('2022-05-23', 1, 1),
	('2022-05-23', 1, 1),
	('2022-05-23', 1, 1),
	('2022-05-23', 1, 1),
	('2022-05-23', 1, 1),
	('2022-05-23', 1, 1),
	('2022-05-23', 1, 1),
	('2022-05-23', 1, 1),
	('2022-05-23', 1, 1),
	('2022-05-23', 1, 1),
	('2022-05-23', 1, 1),
	('2022-05-23', 1, 1),
	('2022-05-23', 1, 1),
	('2022-05-23', 1, 1),
	('2022-05-23', 1, 1),
	('2022-05-23', 1, 1),
	('2022-05-23', 1, 1),
	('2022-05-23', 1, 1),
	('2022-05-23', 1, 1),
	('2022-05-23', 1, 1),
	('2022-05-23', 1, 1),
	('2022-05-23', 1, 1),
	('2022-05-23', 1, 1),
	('2022-05-23', 1, 1),
	('2022-05-23', 1, 1),
	('2022-05-23', 1, 1),
	('2022-05-23', 1, 1),
	('2022-05-23', 1, 1),
	('2022-05-23', 1, 1),
	('2022-05-23', 1, 1),
	('2022-05-23', 1, 1),
	('2022-05-23', 1, 1),
	('2022-05-23', 1, 1),
	('2022-05-23', 1, 1),
	('2022-05-23', 1, 1),
	('2022-05-23', 1, 1),
	('2022-05-23', 1, 1),
	('2022-05-23', 1, 1),
	('2022-05-23', 1, 1),
	('2022-05-23', 1, 1),
	('2022-05-23', 1, 1),
	('2022-05-23', 1, 1),
	('2022-05-23', 1, 1),
	('2022-05-23', 1, 1),
	('2022-05-23', 1, 1),
	('2022-05-23', 1, 1),
	('2022-05-23', 1, 1),
	('2022-05-23', 1, 1),
	('2022-05-23', 1, 1),
	('2022-05-23', 1, 1),
	('2022-05-23', 1, 1),
	('2022-05-23', 1, 1),
	('2022-05-23', 1, 1),
	('2022-05-23', 1, 1),
	('2022-05-23', 1, 1),
	('2022-05-23', 1, 1),
	('2022-05-23', 1, 1),
	('2022-05-23', 1, 1),
	('2022-05-23', 1, 1),
	('2022-05-23', 1, 1),
	('2022-05-23', 1, 1),
	('2022-05-23', 1, 1),
	('2022-05-23', 1, 1),
	('2022-05-23', 1, 1),
	('2022-05-23', 1, 1),
	('2022-05-23', 1, 1),
	('2022-05-23', 1, 1),
	('2022-05-23', 1, 1),
	('2022-05-23', 1, 1),
	('2022-05-23', 1, 1),
	('2022-05-23', 1, 1),
	('2022-05-23', 1, 1),
	('2022-05-23', 1, 1),
	('2022-05-23', 1, 1),
	('2022-05-23', 1, 1),
	('2022-05-23', 1, 1),
	('2022-05-23', 1, 1),
	('2022-05-23', 1, 1),
	('2022-05-23', 1, 1),
	('2022-05-23', 1, 1),
	('2022-05-23', 1, 1),
	('2022-05-23', 1, 1),
	('2022-05-23', 1, 1),
	('2022-05-23', 1, 1),
	('2022-05-23', 1, 1),
	('2022-05-23', 1, 1),
	('2022-05-23', 1, 1),
	('2022-05-23', 1, 1),
	('2022-05-23', 1, 1),
	('2022-05-23', 1, 1),
	('2022-05-23', 1, 1),
	('2022-05-23', 1, 1),
	('2022-05-23', 1, 1),
	('2022-05-23', 1, 1),
	('2022-05-23', 1, 1),
	('2022-05-23', 1, 1),
	('2022-05-23', 1, 1),
	('2022-05-23', 1, 1),
	('2022-05-23', 1, 1),
	('2022-05-23', 1, 1),
	('2022-05-23', 1, 1),
	('2022-05-23', 1, 1),
	('2022-05-23', 1, 1),
	('2022-05-23', 1, 1),
	('2022-05-23', 1, 1),
	('2022-05-23', 1, 1),
	('2022-05-23', 1, 1),
	('2022-05-23', 1, 1),
	('2022-05-23', 1, 1),
	('2022-05-23', 1, 1),
	('2022-05-23', 1, 1),
	('2022-05-23', 1, 1),
	('2022-05-23', 1, 1),
	('2022-05-23', 1, 1),
	('2022-05-23', 1, 1),
	('2022-05-23', 1, 1),
	('2022-05-23', 1, 1),
	('2022-05-23', 1, 1),
	('2022-05-23', 1, 1),
	('2022-05-23', 1, 1),
	('2022-05-23', 1, 1),
	('2022-05-23', 1, 1),
	('2022-05-23', 1, 1),
	('2022-05-23', 1, 1),
	('2022-05-23', 1, 1),
	('2022-05-23', 1, 1),
	('2022-05-23', 1, 1),
	('2022-05-23', 1, 1),
	('2022-05-23', 0, 2),
	('2022-05-23', 0, 2),
	('2022-05-23', 0, 2),
	('2022-05-23', 0, 2),
	('2022-05-23', 0, 2),
	('2022-05-23', 0, 2),
	('2022-05-23', 0, 2),
	('2022-05-23', 0, 2),
	('2022-05-23', 0, 2),
	('2022-05-23', 0, 2),
	('2022-05-23', 0, 2),
	('2022-05-23', 0, 2),
	('2022-05-23', 0, 2),
	('2022-05-23', 0, 2),
	('2022-05-23', 0, 2),
	('2022-05-23', 0, 2),
	('2022-05-23', 0, 2),
	('2022-05-23', 0, 2),
	('2022-05-23', 0, 2),
	('2022-05-23', 0, 2),
	('2022-05-23', 0, 2),
	('2022-05-23', 0, 2),
	('2022-05-23', 0, 2),
	('2022-05-23', 0, 2),
	('2022-05-23', 0, 2),
	('2022-05-23', 0, 2),
	('2022-05-23', 0, 2),
	('2022-05-23', 0, 2),
	('2022-05-23', 0, 2),
	('2022-05-23', 0, 2),
	('2022-05-23', 0, 2),
	('2022-05-23', 0, 2),
	('2022-05-23', 0, 2),
	('2022-05-23', 0, 2),
	('2022-05-23', 0, 2),
	('2022-05-23', 0, 2),
	('2022-05-23', 0, 2),
	('2022-05-23', 0, 2),
	('2022-05-23', 0, 2),
	('2022-05-23', 0, 2),
	('2022-05-23', 0, 2),
	('2022-05-23', 0, 2),
	('2022-05-23', 0, 2),
	('2022-05-23', 0, 2),
	('2022-05-23', 0, 2),
	('2022-05-23', 0, 2),
	('2022-05-23', 0, 2),
	('2022-05-23', 0, 2),
	('2022-05-23', 0, 2),
	('2022-05-23', 0, 2),
	('2022-05-23', 0, 2),
	('2022-05-23', 0, 2),
	('2022-05-23', 0, 2),
	('2022-05-23', 0, 2),
	('2022-05-23', 0, 2),
	('2022-05-23', 0, 2),
	('2022-05-23', 0, 2),
	('2022-05-23', 0, 2),
	('2022-05-23', 0, 2),
	('2022-05-23', 0, 2),
	('2022-05-23', 0, 2),
	('2022-05-23', 0, 2),
	('2022-05-23', 0, 2),
	('2022-05-23', 0, 2),
	('2022-05-23', 0, 2),
	('2022-05-23', 0, 2),
	('2022-05-23', 0, 2),
	('2022-05-23', 0, 2),
	('2022-05-23', 0, 2),
	('2022-05-23', 0, 2),
	('2022-05-23', 0, 2),
	('2022-05-23', 0, 2),
	('2022-05-23', 0, 2),
	('2022-05-23', 0, 2),
	('2022-05-23', 0, 2),
	('2022-05-23', 0, 2),
	('2022-05-23', 0, 2),
	('2022-05-23', 0, 2),
	('2022-05-23', 0, 2),
	('2022-05-23', 0, 2),
	('2022-05-23', 0, 2),
	('2022-05-23', 0, 2),
	('2022-05-23', 0, 2),
	('2022-05-23', 0, 2),
	('2022-05-23', 0, 2),
	('2022-05-23', 0, 2),
	('2022-05-23', 0, 2),
	('2022-05-23', 0, 2),
	('2022-05-23', 0, 2),
	('2022-05-23', 0, 2),
	('2022-05-23', 0, 2),
	('2022-05-23', 0, 2),
	('2022-05-23', 0, 2),
	('2022-05-23', 0, 2),
	('2022-05-23', 0, 2),
	('2022-05-23', 0, 2),
	('2022-05-23', 0, 2),
	('2022-05-23', 0, 2),
	('2022-05-23', 0, 2),
	('2022-05-23', 0, 2),
	('2022-05-23', 0, 2),
	('2022-05-23', 0, 2),
	('2022-05-23', 0, 2),
	('2022-05-23', 0, 2),
	('2022-05-23', 0, 2),
	('2022-05-23', 0, 2),
	('2022-05-23', 0, 2),
	('2022-05-23', 0, 2),
	('2022-05-23', 0, 2),
	('2022-05-23', 0, 2),
	('2022-05-23', 0, 2),
	('2022-05-23', 0, 2),
	('2022-05-23', 0, 2),
	('2022-05-23', 0, 2),
	('2022-05-23', 0, 2),
	('2022-05-23', 0, 2),
	('2022-05-23', 0, 2),
	('2022-05-23', 0, 2),
	('2022-05-23', 0, 2),
	('2022-05-23', 0, 2),
	('2022-05-23', 0, 2),
	('2022-05-23', 0, 2),
	('2022-05-23', 0, 2),
	('2022-05-23', 0, 2),
	('2022-05-23', 0, 2),
	('2022-05-23', 0, 2),
	('2022-05-23', 0, 2),
	('2022-05-23', 0, 2),
	('2022-05-23', 0, 2),
	('2022-05-23', 0, 2),
	('2022-05-23', 0, 2),
	('2022-05-23', 0, 2),
	('2022-05-23', 0, 2),
	('2022-05-23', 0, 2),
	('2022-05-23', 0, 2),
	('2022-05-23', 0, 2),
	('2022-05-23', 0, 2),
	('2022-05-23', 0, 2),
	('2022-05-23', 0, 2),
	('2022-05-23', 0, 2),
	('2022-05-23', 0, 2),
	('2022-05-23', 0, 2),
	('2022-05-23', 0, 2),
	('2022-05-23', 0, 2),
	('2022-05-23', 0, 2),
	('2022-05-23', 0, 2),
	('2022-05-23', 0, 2),
	('2022-05-23', 0, 2),
	('2022-05-23', 0, 2),
	('2022-05-23', 0, 2),
	('2022-05-23', 0, 2),
	('2022-05-23', 0, 2),
	('2022-05-23', 0, 2),
	('2022-05-23', 0, 2),
	('2022-05-23', 0, 2),
	('2022-05-23', 0, 2),
	('2022-05-23', 0, 2),
	('2022-05-23', 0, 2),
	('2022-05-23', 0, 2),
	('2022-05-23', 0, 2),
	('2022-05-23', 0, 2),
	('2022-05-23', 0, 2),
	('2022-05-23', 0, 2),
	('2022-05-23', 0, 2),
	('2022-05-23', 0, 2),
	('2022-05-23', 0, 2),
	('2022-05-23', 0, 2),
	('2022-05-23', 0, 2),
	('2022-05-23', 0, 2),
	('2022-05-23', 0, 2),
	('2022-05-23', 0, 2),
	('2022-05-23', 0, 2),
	('2022-05-23', 0, 2),
	('2022-05-23', 0, 2),
	('2022-05-23', 0, 2),
	('2022-05-23', 0, 2),
	('2022-05-23', 0, 2),
	('2022-05-23', 0, 2),
	('2022-05-23', 0, 2),
	('2022-05-23', 0, 2),
	('2022-05-23', 0, 2),
	('2022-05-23', 0, 2),
	('2022-05-23', 0, 2),
	('2022-05-23', 0, 2),
	('2022-05-23', 0, 2),
	('2022-05-23', 0, 2),
	('2022-05-23', 0, 2),
	('2022-05-23', 0, 2),
	('2022-05-23', 0, 2),
	('2022-05-23', 0, 2),
	('2022-05-23', 0, 2),
	('2022-05-23', 0, 2),
	('2022-05-23', 0, 2),
	('2022-05-23', 0, 2),
	('2022-05-23', 0, 2),
	('2022-05-23', 0, 2),
	('2022-05-23', 0, 2),
	('2022-05-23', 0, 2),
	('2022-05-23', 0, 2),
	('2022-05-23', 0, 2),
	('2022-05-23', 0, 2),
	('2022-05-23', 0, 2),
	('2022-05-23', 0, 2),
	('2022-05-23', 0, 2),
	('2022-05-23', 0, 2),
	('2022-05-23', 0, 2),
	('2022-05-23', 0, 2),
	('2022-05-23', 0, 2),
	('2022-05-23', 0, 2),
	('2022-05-23', 0, 2),
	('2022-05-23', 0, 2),
	('2022-05-23', 0, 2),
	('2022-05-23', 0, 2),
	('2022-05-23', 0, 2),
	('2022-05-23', 0, 2),
	('2022-05-23', 0, 2),
	('2022-05-23', 0, 2),
	('2022-05-23', 0, 2),
	('2022-05-23', 0, 2),
	('2022-05-23', 0, 2),
	('2022-05-23', 0, 2),
	('2022-05-23', 0, 2),
	('2022-05-23', 0, 2),
	('2022-05-23', 0, 2),
	('2022-05-23', 0, 2),
	('2022-05-23', 0, 2),
	('2022-05-23', 0, 2),
	('2022-05-23', 0, 2),
	('2022-05-23', 0, 2),
	('2022-05-23', 0, 2),
	('2022-05-23', 0, 2),
	('2022-05-23', 0, 2),
	('2022-05-23', 0, 2),
	('2022-05-23', 0, 2),
	('2022-05-23', 0, 2),
	('2022-05-23', 0, 2),
	('2022-05-23', 0, 2),
	('2022-05-23', 0, 2),
	('2022-05-23', 0, 2),
	('2022-05-23', 0, 2),
	('2022-05-23', 0, 2),
	('2022-05-23', 0, 2),
	('2022-05-23', 0, 2),
	('2022-05-23', 0, 2),
	('2022-05-23', 0, 2),
	('2022-05-23', 0, 2),
	('2022-05-23', 0, 2),
	('2022-05-23', 0, 2),
	('2022-05-23', 0, 2),
	('2022-05-23', 0, 2),
	('2022-05-23', 0, 2),
	('2022-05-23', 0, 2),
	('2022-05-23', 0, 2),
	('2022-05-23', 0, 2),
	('2022-05-23', 0, 2),
	('2022-05-23', 0, 2),
	('2022-05-23', 0, 2),
	('2022-05-23', 0, 2),
	('2022-05-23', 0, 2),
	('2022-05-23', 0, 2),
	('2022-05-23', 0, 2),
	('2022-05-23', 0, 2),
	('2022-05-23', 0, 2),
	('2022-05-23', 0, 2),
	('2022-05-23', 0, 2),
	('2022-05-23', 0, 2),
	('2022-05-23', 0, 2),
	('2022-05-23', 0, 2),
	('2022-05-23', 0, 2),
	('2022-05-23', 0, 2),
	('2022-05-23', 0, 2),
	('2022-05-23', 0, 2),
	('2022-05-23', 0, 2),
	('2022-05-23', 0, 2),
	('2022-05-23', 0, 2),
	('2022-05-23', 0, 2),
	('2022-05-23', 0, 2),
	('2022-05-23', 0, 2),
	('2022-05-23', 0, 2),
	('2022-05-23', 0, 2),
	('2022-05-23', 0, 2),
	('2022-05-23', 0, 2),
	('2022-05-23', 0, 2),
	('2022-05-23', 0, 2),
	('2022-05-23', 0, 2),
	('2022-05-23', 0, 2),
	('2022-05-23', 0, 2),
	('2022-05-23', 0, 2),
	('2022-05-23', 0, 2),
	('2022-05-23', 0, 2),
	('2022-05-23', 0, 2),
	('2022-05-23', 0, 2),
	('2022-05-23', 0, 2),
	('2022-05-23', 0, 2),
	('2022-05-23', 0, 2),
	('2022-05-23', 0, 2),
	('2022-05-23', 0, 2),
	('2022-05-23', 0, 2),
	('2022-05-23', 0, 2),
	('2022-05-23', 0, 2),
	('2022-05-23', 0, 2),
	('2022-05-23', 0, 2),
	('2022-05-23', 0, 2),
	('2022-05-23', 0, 2),
	('2022-05-23', 0, 2),
	('2022-05-23', 0, 2),
	('2022-05-23', 0, 2),
	('2022-05-23', 0, 2),
	('2022-05-23', 0, 2),
	('2022-05-23', 0, 2),
	('2022-05-23', 0, 2),
	('2022-05-23', 0, 2),
	('2022-05-23', 0, 2),
	('2022-05-23', 0, 2),
	('2022-05-23', 0, 2),
	('2022-05-23', 0, 2),
	('2022-05-23', 0, 2),
	('2022-05-23', 0, 2),
	('2022-05-23', 0, 2),
	('2022-05-23', 0, 2),
	('2022-05-23', 0, 2),
	('2022-05-23', 0, 2),
	('2022-05-23', 0, 2),
	('2022-05-23', 0, 2),
	('2022-05-23', 0, 2),
	('2022-05-23', 0, 2),
	('2022-05-23', 0, 2),
	('2022-05-23', 0, 2),
	('2022-05-23', 0, 2),
	('2022-05-23', 1, 2),
	('2022-05-23', 1, 2),
	('2022-05-23', 1, 2),
	('2022-05-23', 1, 2),
	('2022-05-23', 1, 2),
	('2022-05-23', 1, 2),
	('2022-05-23', 1, 2),
	('2022-05-23', 1, 2),
	('2022-05-23', 1, 2),
	('2022-05-23', 1, 2),
	('2022-05-23', 1, 2),
	('2022-05-23', 1, 2),
	('2022-05-23', 1, 2),
	('2022-05-23', 1, 2),
	('2022-05-23', 1, 2),
	('2022-05-23', 1, 2),
	('2022-05-23', 1, 2),
	('2022-05-23', 1, 2),
	('2022-05-23', 1, 2),
	('2022-05-23', 1, 2),
	('2022-05-23', 1, 2),
	('2022-05-23', 1, 2),
	('2022-05-23', 1, 2),
	('2022-05-23', 1, 2),
	('2022-05-23', 1, 2),
	('2022-05-23', 1, 2),
	('2022-05-23', 1, 2),
	('2022-05-23', 1, 2),
	('2022-05-23', 1, 2),
	('2022-05-23', 1, 2),
	('2022-05-23', 1, 2),
	('2022-05-23', 1, 2),
	('2022-05-23', 1, 2),
	('2022-05-23', 1, 2),
	('2022-05-23', 1, 2),
	('2022-05-23', 1, 2),
	('2022-05-23', 1, 2),
	('2022-05-23', 1, 2),
	('2022-05-23', 1, 2),
	('2022-05-23', 1, 2),
	('2022-05-23', 1, 2),
	('2022-05-23', 1, 2),
	('2022-05-23', 1, 2),
	('2022-05-23', 1, 2),
	('2022-05-23', 1, 2),
	('2022-05-23', 1, 2),
	('2022-05-23', 1, 2),
	('2022-05-23', 1, 2),
	('2022-05-23', 1, 2),
	('2022-05-23', 1, 2),
	('2022-05-23', 1, 2),
	('2022-05-23', 1, 2),
	('2022-05-23', 1, 2),
	('2022-05-23', 1, 2),
	('2022-05-23', 1, 2),
	('2022-05-23', 1, 2),
	('2022-05-23', 1, 2),
	('2022-05-23', 1, 2),
	('2022-05-23', 1, 2),
	('2022-05-23', 1, 2),
	('2022-05-23', 1, 2),
	('2022-05-23', 1, 2),
	('2022-05-23', 1, 2),
	('2022-05-23', 1, 2),
	('2022-05-23', 1, 2),
	('2022-05-23', 1, 2),
	('2022-05-23', 1, 2),
	('2022-05-23', 1, 2),
	('2022-05-23', 1, 2),
	('2022-05-23', 1, 2),
	('2022-05-23', 1, 2),
	('2022-05-23', 1, 2),
	('2022-05-23', 1, 2),
	('2022-05-23', 1, 2),
	('2022-05-23', 1, 2),
	('2022-05-23', 1, 2),
	('2022-05-23', 1, 2),
	('2022-05-23', 1, 2),
	('2022-05-23', 1, 2),
	('2022-05-23', 1, 2),
	('2022-05-23', 1, 2),
	('2022-05-23', 1, 2),
	('2022-05-23', 1, 2),
	('2022-05-23', 1, 2),
	('2022-05-23', 1, 2),
	('2022-05-23', 1, 2),
	('2022-05-23', 1, 2),
	('2022-05-23', 1, 2),
	('2022-05-23', 1, 2),
	('2022-05-23', 1, 2),
	('2022-05-23', 1, 2),
	('2022-05-23', 1, 2),
	('2022-05-23', 1, 2),
	('2022-05-23', 1, 2),
	('2022-05-23', 1, 2),
	('2022-05-23', 1, 2),
	('2022-05-23', 1, 2),
	('2022-05-23', 1, 2),
	('2022-05-23', 1, 2),
	('2022-05-23', 1, 2),
	('2022-05-23', 1, 2),
	('2022-05-23', 1, 2),
	('2022-05-23', 1, 2),
	('2022-05-23', 1, 2),
	('2022-05-23', 1, 2),
	('2022-05-23', 1, 2),
	('2022-05-23', 1, 2),
	('2022-05-23', 1, 2),
	('2022-05-23', 1, 2),
	('2022-05-23', 1, 2),
	('2022-05-23', 1, 2),
	('2022-05-23', 1, 2),
	('2022-05-23', 1, 2),
	('2022-05-23', 1, 2),
	('2022-05-23', 1, 2),
	('2022-05-23', 1, 2),
	('2022-05-23', 1, 2),
	('2022-05-23', 1, 2),
	('2022-05-23', 1, 2),
	('2022-05-23', 1, 2),
	('2022-05-23', 1, 2),
	('2022-05-23', 1, 2),
	('2022-05-23', 1, 2),
	('2022-05-23', 1, 2),
	('2022-05-23', 1, 2),
	('2022-05-23', 1, 2),
	('2022-05-23', 1, 2),
	('2022-05-23', 1, 2),
	('2022-05-23', 1, 2),
	('2022-05-23', 1, 2),
	('2022-05-23', 1, 2),
	('2022-05-23', 1, 2),
	('2022-05-23', 1, 2),
	('2022-05-23', 1, 2),
	('2022-05-23', 1, 2),
	('2022-05-23', 1, 2),
	('2022-05-23', 1, 2),
	('2022-05-23', 1, 2),
	('2022-05-23', 1, 2),
	('2022-05-23', 1, 2),
	('2022-05-23', 1, 2),
	('2022-05-23', 1, 2),
	('2022-05-23', 1, 2),
	('2022-05-23', 1, 2),
	('2022-05-23', 1, 2),
	('2022-05-23', 1, 2),
	('2022-05-23', 1, 2),
	('2022-05-23', 1, 2),
	('2022-05-23', 1, 2),
	('2022-05-23', 1, 2),
	('2022-05-23', 1, 2),
	('2022-05-23', 1, 2),
	('2022-05-23', 1, 2),
	('2022-05-23', 1, 2),
	('2022-05-23', 1, 2),
	('2022-05-23', 1, 2),
	('2022-05-23', 1, 2),
	('2022-05-23', 1, 2),
	('2022-05-23', 1, 2),
	('2022-05-23', 1, 2),
	('2022-05-23', 1, 2),
	('2022-05-23', 1, 2),
	('2022-05-23', 1, 2),
	('2022-05-23', 1, 2),
	('2022-05-23', 1, 2),
	('2022-05-23', 1, 2),
	('2022-05-23', 1, 2),
	('2022-05-23', 1, 2),
	('2022-05-23', 1, 2),
	('2022-05-23', 1, 2),
	('2022-05-23', 1, 2),
	('2022-05-23', 1, 2),
	('2022-05-23', 1, 2),
	('2022-05-23', 1, 2),
	('2022-05-23', 1, 2),
	('2022-05-23', 1, 2),
	('2022-05-23', 1, 2),
	('2022-05-23', 1, 2),
	('2022-05-23', 1, 2),
	('2022-05-23', 1, 2),
	('2022-05-23', 1, 2),
	('2022-05-23', 1, 2),
	('2022-05-23', 1, 2),
	('2022-05-23', 1, 2),
	('2022-05-23', 1, 2),
	('2022-05-23', 1, 2),
	('2022-05-23', 1, 2),
	('2022-05-23', 1, 2),
	('2022-05-23', 1, 2),
	('2022-05-23', 1, 2),
	('2022-05-23', 1, 2),
	('2022-05-23', 1, 2),
	('2022-05-23', 1, 2),
	('2022-05-23', 1, 2),
	('2022-05-23', 1, 2),
	('2022-05-23', 1, 2),
	('2022-05-23', 1, 2),
	('2022-05-23', 1, 2),
	('2022-05-23', 1, 2),
	('2022-05-23', 1, 2),
	('2022-05-23', 1, 2),
	('2022-05-23', 1, 2),
	('2022-05-23', 1, 2),
	('2022-05-23', 1, 2),
	('2022-05-23', 1, 2),
	('2022-05-23', 1, 2),
	('2022-05-23', 1, 2),
	('2022-05-23', 1, 2),
	('2022-05-23', 1, 2),
	('2022-05-23', 1, 2),
	('2022-05-23', 1, 2),
	('2022-05-23', 1, 2),
	('2022-05-23', 1, 2),
	('2022-05-23', 1, 2),
	('2022-05-23', 1, 2),
	('2022-05-23', 1, 2),
	('2022-05-23', 1, 2),
	('2022-05-23', 1, 2),
	('2022-05-23', 1, 2),
	('2022-05-23', 1, 2),
	('2022-05-23', 1, 2),
	('2022-05-23', 1, 2),
	('2022-05-23', 1, 2),
	('2022-05-23', 1, 2),
	('2022-05-23', 1, 2),
	('2022-05-23', 1, 2),
	('2022-05-23', 1, 2),
	('2022-05-23', 1, 2),
	('2022-05-23', 1, 2),
	('2022-05-23', 1, 2),
	('2022-05-23', 1, 2),
	('2022-05-23', 1, 2),
	('2022-05-23', 1, 2),
	('2022-05-23', 1, 2),
	('2022-05-23', 0, 3),
	('2022-05-23', 0, 3),
	('2022-05-23', 0, 3),
	('2022-05-23', 0, 3),
	('2022-05-23', 0, 3),
	('2022-05-23', 0, 3),
	('2022-05-23', 0, 3),
	('2022-05-23', 0, 3),
	('2022-05-23', 0, 3),
	('2022-05-23', 0, 3),
	('2022-05-23', 0, 3),
	('2022-05-23', 0, 3),
	('2022-05-23', 0, 3),
	('2022-05-23', 0, 3),
	('2022-05-23', 0, 3),
	('2022-05-23', 0, 3),
	('2022-05-23', 0, 3),
	('2022-05-23', 0, 3),
	('2022-05-23', 0, 3),
	('2022-05-23', 0, 3),
	('2022-05-23', 0, 3),
	('2022-05-23', 0, 3),
	('2022-05-23', 0, 3),
	('2022-05-23', 0, 3),
	('2022-05-23', 0, 3),
	('2022-05-23', 0, 3),
	('2022-05-23', 0, 3),
	('2022-05-23', 0, 3),
	('2022-05-23', 0, 3),
	('2022-05-23', 0, 3),
	('2022-05-23', 0, 3),
	('2022-05-23', 0, 3),
	('2022-05-23', 0, 3),
	('2022-05-23', 0, 3),
	('2022-05-23', 0, 3),
	('2022-05-23', 0, 3),
	('2022-05-23', 0, 3),
	('2022-05-23', 0, 3),
	('2022-05-23', 0, 3),
	('2022-05-23', 0, 3),
	('2022-05-23', 0, 3),
	('2022-05-23', 0, 3),
	('2022-05-23', 0, 3),
	('2022-05-23', 0, 3),
	('2022-05-23', 0, 3),
	('2022-05-23', 0, 3),
	('2022-05-23', 0, 3),
	('2022-05-23', 0, 3),
	('2022-05-23', 0, 3),
	('2022-05-23', 0, 3),
	('2022-05-23', 0, 3),
	('2022-05-23', 0, 3),
	('2022-05-23', 0, 3),
	('2022-05-23', 0, 3),
	('2022-05-23', 0, 3),
	('2022-05-23', 0, 3),
	('2022-05-23', 0, 3),
	('2022-05-23', 0, 3),
	('2022-05-23', 0, 3),
	('2022-05-23', 0, 3),
	('2022-05-23', 0, 3),
	('2022-05-23', 0, 3),
	('2022-05-23', 0, 3),
	('2022-05-23', 0, 3),
	('2022-05-23', 0, 3),
	('2022-05-23', 0, 3),
	('2022-05-23', 0, 3),
	('2022-05-23', 0, 3),
	('2022-05-23', 0, 3),
	('2022-05-23', 0, 3),
	('2022-05-23', 0, 3),
	('2022-05-23', 0, 3),
	('2022-05-23', 0, 3),
	('2022-05-23', 0, 3),
	('2022-05-23', 0, 3),
	('2022-05-23', 0, 3),
	('2022-05-23', 0, 3),
	('2022-05-23', 0, 3),
	('2022-05-23', 0, 3),
	('2022-05-23', 0, 3),
	('2022-05-23', 0, 3),
	('2022-05-23', 0, 3),
	('2022-05-23', 0, 3),
	('2022-05-23', 0, 3),
	('2022-05-23', 0, 3),
	('2022-05-23', 0, 3),
	('2022-05-23', 0, 3),
	('2022-05-23', 0, 3),
	('2022-05-23', 0, 3),
	('2022-05-23', 0, 3),
	('2022-05-23', 0, 3),
	('2022-05-23', 0, 3),
	('2022-05-23', 0, 3),
	('2022-05-23', 0, 3),
	('2022-05-23', 0, 3),
	('2022-05-23', 0, 3),
	('2022-05-23', 0, 3),
	('2022-05-23', 0, 3),
	('2022-05-23', 0, 3),
	('2022-05-23', 0, 3),
	('2022-05-23', 0, 3),
	('2022-05-23', 0, 3),
	('2022-05-23', 0, 3),
	('2022-05-23', 0, 3),
	('2022-05-23', 0, 3),
	('2022-05-23', 0, 3),
	('2022-05-23', 0, 3),
	('2022-05-23', 0, 3),
	('2022-05-23', 0, 3),
	('2022-05-23', 0, 3),
	('2022-05-23', 0, 3),
	('2022-05-23', 0, 3),
	('2022-05-23', 0, 3),
	('2022-05-23', 0, 3),
	('2022-05-23', 0, 3),
	('2022-05-23', 0, 3),
	('2022-05-23', 0, 3),
	('2022-05-23', 0, 3),
	('2022-05-23', 0, 3),
	('2022-05-23', 0, 3),
	('2022-05-23', 0, 3),
	('2022-05-23', 0, 3),
	('2022-05-23', 0, 3),
	('2022-05-23', 0, 3),
	('2022-05-23', 0, 3),
	('2022-05-23', 0, 3),
	('2022-05-23', 0, 3),
	('2022-05-23', 0, 3),
	('2022-05-23', 0, 3),
	('2022-05-23', 0, 3),
	('2022-05-23', 0, 3),
	('2022-05-23', 0, 3),
	('2022-05-23', 0, 3),
	('2022-05-23', 0, 3),
	('2022-05-23', 0, 3),
	('2022-05-23', 0, 3),
	('2022-05-23', 0, 3),
	('2022-05-23', 0, 3),
	('2022-05-23', 0, 3),
	('2022-05-23', 0, 3),
	('2022-05-23', 0, 3),
	('2022-05-23', 0, 3),
	('2022-05-23', 0, 3),
	('2022-05-23', 0, 3),
	('2022-05-23', 0, 3),
	('2022-05-23', 0, 3),
	('2022-05-23', 0, 3),
	('2022-05-23', 0, 3),
	('2022-05-23', 0, 3),
	('2022-05-23', 0, 3),
	('2022-05-23', 0, 3),
	('2022-05-23', 0, 3),
	('2022-05-23', 0, 3),
	('2022-05-23', 0, 3),
	('2022-05-23', 0, 3),
	('2022-05-23', 0, 3),
	('2022-05-23', 0, 3),
	('2022-05-23', 0, 3),
	('2022-05-23', 0, 3),
	('2022-05-23', 0, 3),
	('2022-05-23', 0, 3),
	('2022-05-23', 0, 3),
	('2022-05-23', 0, 3),
	('2022-05-23', 0, 3),
	('2022-05-23', 0, 3),
	('2022-05-23', 0, 3),
	('2022-05-23', 0, 3),
	('2022-05-23', 0, 3),
	('2022-05-23', 0, 3),
	('2022-05-23', 0, 3),
	('2022-05-23', 0, 3),
	('2022-05-23', 0, 3),
	('2022-05-23', 0, 3),
	('2022-05-23', 0, 3),
	('2022-05-23', 0, 3),
	('2022-05-23', 0, 3),
	('2022-05-23', 0, 3),
	('2022-05-23', 0, 3),
	('2022-05-23', 0, 3),
	('2022-05-23', 0, 3),
	('2022-05-23', 0, 3),
	('2022-05-23', 0, 3),
	('2022-05-23', 0, 3),
	('2022-05-23', 0, 3),
	('2022-05-23', 0, 3),
	('2022-05-23', 0, 3),
	('2022-05-23', 0, 3),
	('2022-05-23', 0, 3),
	('2022-05-23', 0, 3),
	('2022-05-23', 0, 3),
	('2022-05-23', 0, 3),
	('2022-05-23', 0, 3),
	('2022-05-23', 0, 3),
	('2022-05-23', 0, 3),
	('2022-05-23', 0, 3),
	('2022-05-23', 0, 3),
	('2022-05-23', 0, 3),
	('2022-05-23', 0, 3),
	('2022-05-23', 1, 3),
	('2022-05-23', 1, 3),
	('2022-05-23', 1, 3),
	('2022-05-23', 1, 3),
	('2022-05-23', 1, 3),
	('2022-05-23', 1, 3),
	('2022-05-23', 1, 3),
	('2022-05-23', 1, 3),
	('2022-05-23', 1, 3),
	('2022-05-23', 1, 3),
	('2022-05-23', 1, 3),
	('2022-05-23', 1, 3),
	('2022-05-23', 1, 3),
	('2022-05-23', 1, 3),
	('2022-05-23', 1, 3),
	('2022-05-23', 1, 3),
	('2022-05-23', 1, 3),
	('2022-05-23', 1, 3),
	('2022-05-23', 1, 3),
	('2022-05-23', 1, 3),
	('2022-05-23', 1, 3),
	('2022-05-23', 1, 3),
	('2022-05-23', 1, 3),
	('2022-05-23', 1, 3),
	('2022-05-23', 1, 3),
	('2022-05-23', 1, 3),
	('2022-05-23', 1, 3),
	('2022-05-23', 1, 3),
	('2022-05-23', 1, 3),
	('2022-05-23', 1, 3),
	('2022-05-23', 1, 3),
	('2022-05-23', 1, 3),
	('2022-05-23', 1, 3),
	('2022-05-23', 1, 3),
	('2022-05-23', 1, 3),
	('2022-05-23', 1, 3),
	('2022-05-23', 1, 3),
	('2022-05-23', 1, 3),
	('2022-05-23', 1, 3),
	('2022-05-23', 1, 3),
	('2022-05-23', 1, 3),
	('2022-05-23', 1, 3),
	('2022-05-23', 1, 3),
	('2022-05-23', 1, 3),
	('2022-05-23', 1, 3),
	('2022-05-23', 1, 3),
	('2022-05-23', 1, 3),
	('2022-05-23', 1, 3),
	('2022-05-23', 1, 3),
	('2022-05-23', 1, 3),
	('2022-05-23', 1, 3),
	('2022-05-23', 1, 3),
	('2022-05-23', 1, 3),
	('2022-05-23', 1, 3),
	('2022-05-23', 1, 3),
	('2022-05-23', 1, 3),
	('2022-05-23', 1, 3),
	('2022-05-23', 1, 3),
	('2022-05-23', 1, 3),
	('2022-05-23', 1, 3),
	('2022-05-23', 1, 3),
	('2022-05-23', 1, 3),
	('2022-05-23', 1, 3),
	('2022-05-23', 1, 3),
	('2022-05-23', 1, 3),
	('2022-05-23', 1, 3),
	('2022-05-23', 1, 3),
	('2022-05-23', 1, 3),
	('2022-05-23', 1, 3),
	('2022-05-23', 1, 3),
	('2022-05-23', 1, 3),
	('2022-05-23', 1, 3),
	('2022-05-23', 1, 3),
	('2022-05-23', 1, 3),
	('2022-05-23', 1, 3),
	('2022-05-23', 1, 3),
	('2022-05-23', 1, 3),
	('2022-05-23', 1, 3),
	('2022-05-23', 1, 3),
	('2022-05-23', 1, 3),
	('2022-05-23', 1, 3),
	('2022-05-23', 1, 3),
	('2022-05-23', 1, 3),
	('2022-05-23', 1, 3),
	('2022-05-23', 1, 3),
	('2022-05-23', 1, 3),
	('2022-05-23', 1, 3),
	('2022-05-23', 1, 3),
	('2022-05-23', 1, 3),
	('2022-05-23', 1, 3),
	('2022-05-23', 1, 3),
	('2022-05-23', 1, 3),
	('2022-05-23', 1, 3),
	('2022-05-23', 1, 3),
	('2022-05-23', 1, 3),
	('2022-05-23', 1, 3),
	('2022-05-23', 1, 3),
	('2022-05-23', 1, 3),
	('2022-05-23', 1, 3),
	('2022-05-23', 1, 3),
	('2022-05-23', 1, 3),
	('2022-05-23', 1, 3),
	('2022-05-23', 1, 3),
	('2022-05-23', 1, 3),
	('2022-05-23', 1, 3),
	('2022-05-23', 1, 3),
	('2022-05-23', 1, 3),
	('2022-05-23', 1, 3),
	('2022-05-23', 1, 3),
	('2022-05-23', 1, 3),
	('2022-05-23', 1, 3),
	('2022-05-23', 1, 3),
	('2022-05-23', 1, 3),
	('2022-05-23', 1, 3),
	('2022-05-23', 1, 3),
	('2022-05-23', 1, 3),
	('2022-05-23', 1, 3),
	('2022-05-23', 1, 3),
	('2022-05-23', 1, 3),
	('2022-05-23', 1, 3),
	('2022-05-23', 1, 3),
	('2022-05-23', 1, 3),
	('2022-05-23', 1, 3),
	('2022-05-23', 1, 3),
	('2022-05-23', 1, 3),
	('2022-05-23', 1, 3),
	('2022-05-23', 1, 3),
	('2022-05-23', 1, 3),
	('2022-05-23', 1, 3),
	('2022-05-23', 1, 3),
	('2022-05-23', 1, 3),
	('2022-05-23', 1, 3),
	('2022-05-23', 1, 3),
	('2022-05-23', 1, 3),
	('2022-05-23', 1, 3),
	('2022-05-23', 1, 3),
	('2022-05-23', 1, 3),
	('2022-05-23', 1, 3),
	('2022-05-23', 1, 3),
	('2022-05-23', 1, 3),
	('2022-05-23', 1, 3),
	('2022-05-23', 1, 3),
	('2022-05-23', 1, 3),
	('2022-05-23', 1, 3),
	('2022-05-23', 1, 3),
	('2022-05-23', 1, 3),
	('2022-05-23', 1, 3),
	('2022-05-23', 1, 3),
	('2022-05-23', 1, 3),
	('2022-05-23', 1, 3),
	('2022-05-23', 1, 3),
	('2022-05-23', 1, 3),
	('2022-05-23', 1, 3),
	('2022-05-23', 1, 3),
	('2022-05-23', 1, 3),
	('2022-05-23', 1, 3),
	('2022-05-23', 1, 3),
	('2022-05-23', 1, 3),
	('2022-05-23', 1, 3),
	('2022-05-23', 1, 3),
	('2022-05-23', 1, 3),
	('2022-05-23', 1, 3),
	('2022-05-23', 1, 3),
	('2022-05-23', 1, 3),
	('2022-05-23', 1, 3),
	('2022-05-23', 1, 3),
	('2022-05-23', 1, 3),
	('2022-05-23', 1, 3),
	('2022-05-23', 1, 3),
	('2022-05-23', 1, 3),
	('2022-05-23', 1, 3),
	('2022-05-23', 1, 3),
	('2022-05-23', 1, 3),
	('2022-05-23', 1, 3),
	('2022-05-23', 1, 3),
	('2022-05-23', 1, 3),
	('2022-05-23', 1, 3),
	('2022-05-23', 1, 3),
	('2022-05-23', 1, 3),
	('2022-05-23', 1, 3),
	('2022-05-23', 1, 3),
	('2022-05-23', 1, 3),
	('2022-05-23', 1, 3),
	('2022-05-23', 1, 3),
	('2022-05-23', 1, 3),
	('2022-05-23', 1, 3),
	('2022-05-23', 1, 3),
	('2022-05-23', 1, 3),
	('2022-05-23', 1, 3),
	('2022-05-23', 1, 3),
	('2022-05-23', 1, 3),
	('2022-05-23', 1, 3),
	('2022-05-23', 1, 3),
	('2022-05-23', 1, 3),
	('2022-05-23', 1, 3),
	('2022-05-23', 1, 3),
	('2022-05-23', 1, 3),
	('2022-05-23', 1, 3),
	('2022-05-23', 1, 3),
	('2022-05-23', 1, 3),
	('2022-05-23', 1, 3),
	('2022-05-23', 1, 3),
	('2022-05-23', 1, 3),
	('2022-05-23', 1, 3),
	('2022-05-23', 1, 3),
	('2022-05-23', 1, 3),
	('2022-05-23', 1, 3),
	('2022-05-23', 1, 3),
	('2022-05-23', 1, 3),
	('2022-05-23', 1, 3),
	('2022-05-23', 1, 3),
	('2022-05-23', 1, 3),
	('2022-05-23', 1, 3),
	('2022-05-23', 1, 3),
	('2022-05-23', 1, 3),
	('2022-05-23', 1, 3),
	('2022-05-23', 1, 3),
	('2022-05-23', 1, 3),
	('2022-05-23', 1, 3),
	('2022-05-23', 1, 3),
	('2022-05-23', 1, 3),
	('2022-05-23', 1, 3),
	('2022-05-23', 1, 3),
	('2022-05-23', 1, 3),
	('2022-05-23', 1, 3),
	('2022-05-23', 1, 3),
	('2022-05-23', 1, 3),
	('2022-05-23', 1, 3),
	('2022-05-23', 1, 3),
	('2022-05-23', 1, 3),
	('2022-05-23', 1, 3),
	('2022-05-23', 1, 3),
	('2022-05-23', 1, 3),
	('2022-05-23', 1, 3),
	('2022-05-23', 1, 3),
	('2022-05-23', 1, 3),
	('2022-05-23', 1, 3),
	('2022-05-23', 1, 3),
	('2022-05-23', 1, 3),
	('2022-05-23', 1, 3),
	('2022-05-23', 1, 3),
	('2022-05-23', 1, 3),
	('2022-05-23', 1, 3),
	('2022-05-23', 1, 3),
	('2022-05-23', 1, 3),
	('2022-05-23', 1, 3),
	('2022-05-23', 1, 3),
	('2022-05-23', 1, 3),
	('2022-05-23', 1, 3),
	('2022-05-23', 1, 3),
	('2022-05-23', 1, 3),
	('2022-05-23', 1, 3),
	('2022-05-23', 1, 3),
	('2022-05-23', 1, 3),
	('2022-05-23', 1, 3),
	('2022-05-23', 1, 3),
	('2022-05-23', 1, 3),
	('2022-05-23', 1, 3),
	('2022-05-23', 1, 3),
	('2022-05-23', 1, 3),
	('2022-05-23', 1, 3),
	('2022-05-23', 1, 3),
	('2022-05-23', 0, 4),
	('2022-05-23', 0, 4),
	('2022-05-23', 0, 4),
	('2022-05-23', 0, 4),
	('2022-05-23', 0, 4),
	('2022-05-23', 0, 4),
	('2022-05-23', 0, 4),
	('2022-05-23', 0, 4),
	('2022-05-23', 0, 4),
	('2022-05-23', 0, 4),
	('2022-05-23', 0, 4),
	('2022-05-23', 0, 4),
	('2022-05-23', 0, 4),
	('2022-05-23', 0, 4),
	('2022-05-23', 0, 4),
	('2022-05-23', 0, 4),
	('2022-05-23', 0, 4),
	('2022-05-23', 0, 4),
	('2022-05-23', 0, 4),
	('2022-05-23', 0, 4),
	('2022-05-23', 0, 4),
	('2022-05-23', 0, 4),
	('2022-05-23', 0, 4),
	('2022-05-23', 0, 4),
	('2022-05-23', 0, 4),
	('2022-05-23', 0, 4),
	('2022-05-23', 0, 4),
	('2022-05-23', 0, 4),
	('2022-05-23', 0, 4),
	('2022-05-23', 0, 4),
	('2022-05-23', 0, 4),
	('2022-05-23', 0, 4),
	('2022-05-23', 0, 4),
	('2022-05-23', 0, 4),
	('2022-05-23', 0, 4),
	('2022-05-23', 0, 4),
	('2022-05-23', 0, 4),
	('2022-05-23', 0, 4),
	('2022-05-23', 0, 4),
	('2022-05-23', 0, 4),
	('2022-05-23', 0, 4),
	('2022-05-23', 0, 4),
	('2022-05-23', 0, 4),
	('2022-05-23', 0, 4),
	('2022-05-23', 0, 4),
	('2022-05-23', 0, 4),
	('2022-05-23', 0, 4),
	('2022-05-23', 0, 4),
	('2022-05-23', 0, 4),
	('2022-05-23', 0, 4),
	('2022-05-23', 0, 4),
	('2022-05-23', 0, 4),
	('2022-05-23', 0, 4),
	('2022-05-23', 0, 4),
	('2022-05-23', 0, 4),
	('2022-05-23', 0, 4),
	('2022-05-23', 0, 4),
	('2022-05-23', 0, 4),
	('2022-05-23', 0, 4),
	('2022-05-23', 0, 4),
	('2022-05-23', 0, 4),
	('2022-05-23', 0, 4),
	('2022-05-23', 0, 4),
	('2022-05-23', 0, 4),
	('2022-05-23', 0, 4),
	('2022-05-23', 0, 4),
	('2022-05-23', 0, 4),
	('2022-05-23', 0, 4),
	('2022-05-23', 0, 4),
	('2022-05-23', 0, 4),
	('2022-05-23', 0, 4),
	('2022-05-23', 0, 4),
	('2022-05-23', 0, 4),
	('2022-05-23', 0, 4),
	('2022-05-23', 0, 4),
	('2022-05-23', 0, 4),
	('2022-05-23', 0, 4),
	('2022-05-23', 0, 4),
	('2022-05-23', 0, 4),
	('2022-05-23', 0, 4),
	('2022-05-23', 0, 4),
	('2022-05-23', 0, 4),
	('2022-05-23', 0, 4),
	('2022-05-23', 0, 4),
	('2022-05-23', 0, 4),
	('2022-05-23', 0, 4),
	('2022-05-23', 0, 4),
	('2022-05-23', 0, 4),
	('2022-05-23', 0, 4),
	('2022-05-23', 0, 4),
	('2022-05-23', 0, 4),
	('2022-05-23', 0, 4),
	('2022-05-23', 0, 4),
	('2022-05-23', 0, 4),
	('2022-05-23', 0, 4),
	('2022-05-23', 0, 4),
	('2022-05-23', 0, 4),
	('2022-05-23', 0, 4),
	('2022-05-23', 0, 4),
	('2022-05-23', 0, 4),
	('2022-05-23', 0, 4),
	('2022-05-23', 0, 4),
	('2022-05-23', 0, 4),
	('2022-05-23', 0, 4),
	('2022-05-23', 0, 4),
	('2022-05-23', 0, 4),
	('2022-05-23', 0, 4),
	('2022-05-23', 0, 4),
	('2022-05-23', 0, 4),
	('2022-05-23', 0, 4),
	('2022-05-23', 0, 4),
	('2022-05-23', 0, 4),
	('2022-05-23', 0, 4),
	('2022-05-23', 0, 4),
	('2022-05-23', 0, 4),
	('2022-05-23', 0, 4),
	('2022-05-23', 0, 4),
	('2022-05-23', 0, 4),
	('2022-05-23', 0, 4),
	('2022-05-23', 0, 4),
	('2022-05-23', 0, 4),
	('2022-05-23', 0, 4),
	('2022-05-23', 0, 4),
	('2022-05-23', 0, 4),
	('2022-05-23', 0, 4),
	('2022-05-23', 0, 4),
	('2022-05-23', 0, 4),
	('2022-05-23', 0, 4),
	('2022-05-23', 0, 4),
	('2022-05-23', 0, 4),
	('2022-05-23', 0, 4),
	('2022-05-23', 0, 4),
	('2022-05-23', 0, 4),
	('2022-05-23', 0, 4),
	('2022-05-23', 0, 4),
	('2022-05-23', 0, 4),
	('2022-05-23', 0, 4),
	('2022-05-23', 0, 4),
	('2022-05-23', 0, 4),
	('2022-05-23', 0, 4),
	('2022-05-23', 0, 4),
	('2022-05-23', 0, 4),
	('2022-05-23', 0, 4),
	('2022-05-23', 0, 4),
	('2022-05-23', 0, 4),
	('2022-05-23', 0, 4),
	('2022-05-23', 0, 4),
	('2022-05-23', 0, 4),
	('2022-05-23', 0, 4),
	('2022-05-23', 0, 4),
	('2022-05-23', 0, 4),
	('2022-05-23', 0, 4),
	('2022-05-23', 0, 4),
	('2022-05-23', 0, 4),
	('2022-05-23', 0, 4),
	('2022-05-23', 0, 4),
	('2022-05-23', 0, 4),
	('2022-05-23', 0, 4),
	('2022-05-23', 0, 4),
	('2022-05-23', 0, 4),
	('2022-05-23', 0, 4),
	('2022-05-23', 0, 4),
	('2022-05-23', 0, 4),
	('2022-05-23', 0, 4),
	('2022-05-23', 0, 4),
	('2022-05-23', 0, 4),
	('2022-05-23', 0, 4),
	('2022-05-23', 0, 4),
	('2022-05-23', 0, 4),
	('2022-05-23', 0, 4),
	('2022-05-23', 0, 4),
	('2022-05-23', 0, 4),
	('2022-05-23', 0, 4),
	('2022-05-23', 0, 4),
	('2022-05-23', 0, 4),
	('2022-05-23', 0, 4),
	('2022-05-23', 0, 4),
	('2022-05-23', 0, 4),
	('2022-05-23', 0, 4),
	('2022-05-23', 0, 4),
	('2022-05-23', 0, 4),
	('2022-05-23', 0, 4),
	('2022-05-23', 0, 4),
	('2022-05-23', 0, 4),
	('2022-05-23', 0, 4),
	('2022-05-23', 0, 4),
	('2022-05-23', 0, 4),
	('2022-05-23', 0, 4),
	('2022-05-23', 0, 4),
	('2022-05-23', 0, 4),
	('2022-05-23', 0, 4),
	('2022-05-23', 0, 4),
	('2022-05-23', 0, 4),
	('2022-05-23', 0, 4),
	('2022-05-23', 0, 4),
	('2022-05-23', 0, 4),
	('2022-05-23', 0, 4),
	('2022-05-23', 0, 4),
	('2022-05-23', 0, 4),
	('2022-05-23', 0, 4),
	('2022-05-23', 0, 4),
	('2022-05-23', 0, 4),
	('2022-05-23', 0, 4),
	('2022-05-23', 0, 4),
	('2022-05-23', 0, 4),
	('2022-05-23', 0, 4),
	('2022-05-23', 1, 4),
	('2022-05-23', 1, 4),
	('2022-05-23', 1, 4),
	('2022-05-23', 1, 4),
	('2022-05-23', 1, 4),
	('2022-05-23', 1, 4),
	('2022-05-23', 1, 4),
	('2022-05-23', 1, 4),
	('2022-05-23', 1, 4),
	('2022-05-23', 1, 4),
	('2022-05-23', 1, 4),
	('2022-05-23', 1, 4),
	('2022-05-23', 1, 4),
	('2022-05-23', 1, 4),
	('2022-05-23', 1, 4),
	('2022-05-23', 1, 4),
	('2022-05-23', 1, 4),
	('2022-05-23', 1, 4),
	('2022-05-23', 1, 4),
	('2022-05-23', 1, 4),
	('2022-05-23', 1, 4),
	('2022-05-23', 1, 4),
	('2022-05-23', 1, 4),
	('2022-05-23', 1, 4),
	('2022-05-23', 1, 4),
	('2022-05-23', 1, 4),
	('2022-05-23', 1, 4),
	('2022-05-23', 1, 4),
	('2022-05-23', 1, 4),
	('2022-05-23', 1, 4),
	('2022-05-23', 1, 4),
	('2022-05-23', 1, 4),
	('2022-05-23', 1, 4),
	('2022-05-23', 1, 4),
	('2022-05-23', 1, 4),
	('2022-05-23', 1, 4),
	('2022-05-23', 1, 4),
	('2022-05-23', 1, 4),
	('2022-05-23', 1, 4),
	('2022-05-23', 1, 4),
	('2022-05-23', 1, 4),
	('2022-05-23', 1, 4),
	('2022-05-23', 1, 4),
	('2022-05-23', 1, 4),
	('2022-05-23', 1, 4),
	('2022-05-23', 1, 4),
	('2022-05-23', 1, 4),
	('2022-05-23', 1, 4),
	('2022-05-23', 1, 4),
	('2022-05-23', 1, 4),
	('2022-05-23', 1, 4),
	('2022-05-23', 1, 4),
	('2022-05-23', 1, 4),
	('2022-05-23', 1, 4),
	('2022-05-23', 1, 4),
	('2022-05-23', 1, 4),
	('2022-05-23', 1, 4),
	('2022-05-23', 1, 4),
	('2022-05-23', 1, 4),
	('2022-05-23', 1, 4),
	('2022-05-23', 1, 4),
	('2022-05-23', 1, 4),
	('2022-05-23', 1, 4),
	('2022-05-23', 1, 4),
	('2022-05-23', 1, 4),
	('2022-05-23', 1, 4),
	('2022-05-23', 1, 4),
	('2022-05-23', 1, 4),
	('2022-05-23', 1, 4),
	('2022-05-23', 1, 4),
	('2022-05-23', 1, 4),
	('2022-05-23', 1, 4),
	('2022-05-23', 1, 4),
	('2022-05-23', 1, 4),
	('2022-05-23', 1, 4),
	('2022-05-23', 1, 4),
	('2022-05-23', 1, 4),
	('2022-05-23', 1, 4),
	('2022-05-23', 1, 4),
	('2022-05-23', 1, 4),
	('2022-05-23', 1, 4),
	('2022-05-23', 1, 4),
	('2022-05-23', 1, 4),
	('2022-05-23', 1, 4),
	('2022-05-23', 1, 4),
	('2022-05-23', 1, 4),
	('2022-05-23', 1, 4),
	('2022-05-23', 1, 4),
	('2022-05-23', 1, 4),
	('2022-05-23', 1, 4),
	('2022-05-23', 1, 4),
	('2022-05-23', 1, 4),
	('2022-05-23', 1, 4),
	('2022-05-23', 1, 4),
	('2022-05-23', 1, 4),
	('2022-05-23', 1, 4),
	('2022-05-23', 1, 4),
	('2022-05-23', 1, 4),
	('2022-05-23', 1, 4),
	('2022-05-23', 1, 4),
	('2022-05-23', 1, 4),
	('2022-05-23', 1, 4),
	('2022-05-23', 1, 4),
	('2022-05-23', 1, 4),
	('2022-05-23', 1, 4),
	('2022-05-23', 1, 4),
	('2022-05-23', 1, 4),
	('2022-05-23', 1, 4),
	('2022-05-23', 1, 4),
	('2022-05-23', 1, 4),
	('2022-05-23', 1, 4),
	('2022-05-23', 1, 4),
	('2022-05-23', 1, 4),
	('2022-05-23', 1, 4),
	('2022-05-23', 1, 4),
	('2022-05-23', 1, 4),
	('2022-05-23', 1, 4),
	('2022-05-23', 1, 4),
	('2022-05-23', 1, 4),
	('2022-05-23', 1, 4),
	('2022-05-23', 1, 4),
	('2022-05-23', 1, 4),
	('2022-05-23', 1, 4),
	('2022-05-23', 1, 4),
	('2022-05-23', 1, 4),
	('2022-05-23', 1, 4),
	('2022-05-23', 1, 4),
	('2022-05-23', 1, 4),
	('2022-05-23', 1, 4),
	('2022-05-23', 1, 4),
	('2022-05-23', 1, 4),
	('2022-05-23', 1, 4),
	('2022-05-23', 1, 4),
	('2022-05-23', 1, 4),
	('2022-05-23', 1, 4),
	('2022-05-23', 1, 4),
	('2022-05-23', 1, 4),
	('2022-05-23', 1, 4),
	('2022-05-23', 1, 4),
	('2022-05-23', 1, 4),
	('2022-05-23', 1, 4),
	('2022-05-23', 1, 4),
	('2022-05-23', 1, 4),
	('2022-05-23', 1, 4),
	('2022-05-23', 1, 4),
	('2022-05-23', 1, 4),
	('2022-05-23', 1, 4),
	('2022-05-23', 1, 4),
	('2022-05-23', 1, 4),
	('2022-05-23', 1, 4),
	('2022-05-23', 1, 4),
	('2022-05-23', 1, 4),
	('2022-05-23', 1, 4),
	('2022-05-23', 1, 4),
	('2022-05-23', 1, 4),
	('2022-05-23', 1, 4),
	('2022-05-23', 1, 4),
	('2022-05-23', 1, 4),
	('2022-05-23', 1, 4),
	('2022-05-23', 1, 4),
	('2022-05-23', 1, 4),
	('2022-05-23', 1, 4),
	('2022-05-23', 1, 4),
	('2022-05-23', 1, 4),
	('2022-05-23', 1, 4),
	('2022-05-23', 1, 4),
	('2022-05-23', 1, 4),
	('2022-05-23', 1, 4),
	('2022-05-23', 1, 4),
	('2022-05-23', 1, 4),
	('2022-05-23', 1, 4),
	('2022-05-23', 1, 4),
	('2022-05-23', 1, 4),
	('2022-05-23', 1, 4),
	('2022-05-23', 1, 4),
	('2022-05-23', 1, 4),
	('2022-05-23', 1, 4),
	('2022-05-23', 1, 4),
	('2022-05-23', 1, 4),
	('2022-05-23', 1, 4),
	('2022-05-23', 1, 4),
	('2022-05-23', 1, 4),
	('2022-05-23', 1, 4),
	('2022-05-23', 1, 4),
	('2022-05-23', 1, 4),
	('2022-05-23', 1, 4),
	('2022-05-23', 1, 4),
	('2022-05-23', 1, 4),
	('2022-05-23', 1, 4),
	('2022-05-23', 1, 4),
	('2022-05-23', 1, 4),
	('2022-05-23', 1, 4),
	('2022-05-23', 1, 4),
	('2022-05-23', 1, 4),
	('2022-05-23', 1, 4),
	('2022-05-23', 1, 4),
	('2022-05-23', 1, 4),
	('2022-05-23', 1, 4),
	('2022-05-23', 1, 4),
	('2022-05-23', 1, 4),
	('2022-05-23', 1, 4),
	('2022-05-23', 1, 4),
	('2022-05-23', 1, 4),
	('2022-05-23', 1, 4),
	('2022-05-23', 1, 4),
	('2022-05-23', 1, 4),
	('2022-05-23', 1, 4),
	('2022-05-23', 1, 4),
	('2022-05-23', 1, 4),
	('2022-05-23', 1, 4),
	('2022-05-23', 1, 4),
	('2022-05-23', 1, 4),
	('2022-05-23', 1, 4),
	('2022-05-23', 1, 4),
	('2022-05-23', 1, 4),
	('2022-05-23', 1, 4),
	('2022-05-23', 1, 4),
	('2022-05-23', 1, 4),
	('2022-05-23', 1, 4),
	('2022-05-23', 1, 4),
	('2022-05-23', 1, 4),
	('2022-05-23', 1, 4),
	('2022-05-23', 1, 4),
	('2022-05-23', 1, 4),
	('2022-05-23', 1, 4),
	('2022-05-23', 1, 4),
	('2022-05-23', 1, 4),
	('2022-05-23', 1, 4),
	('2022-05-23', 1, 4),
	('2022-05-23', 1, 4),
	('2022-05-23', 1, 4),
	('2022-05-23', 1, 4),
	('2022-05-23', 1, 4),
	('2022-05-23', 1, 4),
	('2022-05-23', 1, 4),
	('2022-05-23', 1, 4),
	('2022-05-23', 1, 4),
	('2022-05-23', 1, 4),
	('2022-05-23', 1, 4),
	('2022-05-23', 1, 4),
	('2022-05-23', 1, 4),
	('2022-05-23', 1, 4),
	('2022-05-23', 1, 4),
	('2022-05-23', 1, 4),
	('2022-05-23', 1, 4),
	('2022-05-23', 1, 4),
	('2022-05-23', 1, 4),
	('2022-05-23', 1, 4),
	('2022-05-23', 1, 4),
	('2022-05-23', 1, 4),
	('2022-05-23', 1, 4),
	('2022-05-23', 1, 4),
	('2022-05-23', 1, 4),
	('2022-05-23', 1, 4),
	('2022-05-23', 1, 4),
	('2022-05-23', 1, 4),
	('2022-05-23', 1, 4),
	('2022-05-23', 1, 4),
	('2022-05-23', 1, 4),
	('2022-05-23', 1, 4),
	('2022-05-23', 1, 4),
	('2022-05-23', 1, 4),
	('2022-05-23', 1, 4),
	('2022-05-23', 1, 4),
	('2022-05-23', 1, 4),
	('2022-05-23', 1, 4),
	('2022-05-23', 1, 4),
	('2022-05-23', 1, 4),
	('2022-05-23', 1, 4),
	('2022-05-23', 1, 4),
	('2022-05-23', 1, 4),
	('2022-05-23', 1, 4),
	('2022-05-23', 1, 4),
	('2022-05-23', 1, 4),
	('2022-05-23', 1, 4),
	('2022-05-23', 1, 4),
	('2022-05-23', 1, 4),
	('2022-05-23', 1, 4),
	('2022-05-23', 1, 4),
	('2022-05-23', 1, 4),
	('2022-05-23', 1, 4),
	('2022-05-23', 1, 4),
	('2022-05-23', 1, 4),
	('2022-05-23', 1, 4),
	('2022-05-23', 1, 4),
	('2022-05-23', 1, 4),
	('2022-05-23', 1, 4),
	('2022-05-23', 1, 4),
	('2022-05-23', 1, 4),
	('2022-05-23', 1, 4),
	('2022-05-23', 1, 4),
	('2022-05-23', 1, 4),
	('2022-05-23', 1, 4),
	('2022-05-23', 1, 4),
	('2022-05-23', 1, 4),
	('2022-05-23', 1, 4),
	('2022-05-23', 1, 4),
	('2022-05-23', 1, 4),
	('2022-05-23', 1, 4);
    
    select * from registro;
    
-------------------------------------------------------------------------------------------------------------------------------------------------------------------------------------------------------------------------

-- VISUALIZAÇÃO DAS KPIS NA DASHBOARD - SOMENTE DO SHOPPING ITAQUERA

select * from shopping join setor on idShopping = fkShopping join sensor on Setor.idSetor = fkSetor join registro on Sensor.idSensor = fkSensor;

select * from Setor join sensor on idSetor = fkSetor;



select distinct idsensor, count(datacaptura),
	case 
		when weekday (dataCaptura) = 0 then 'Segunda-Feira'
        when weekday (dataCaptura) = 1 then 'Terça-Feira'
        when weekday (dataCaptura) = 2 then 'Quarta-Feira'
        when weekday (dataCaptura) = 3 then 'Quinta-Feira'
        when weekday (dataCaptura) = 4 then 'Sexta-Feira'
        when weekday (dataCaptura) = 5 then 'Sábado'
        when weekday (dataCaptura) = 6 then 'Domingo'
        else 0 end  as Dia_da_Semana from Registro ;
        
        
        
select idsensor, count(datacaptura),
	case 
		when weekday (dataCaptura) = 0 then 'Segunda-Feira'
        when weekday (dataCaptura) = 1 then 'Terça-Feira'
        when weekday (dataCaptura) = 2 then 'Quarta-Feira'
        when weekday (dataCaptura) = 3 then 'Quinta-Feira'
        when weekday (dataCaptura) = 4 then 'Sexta-Feira'
        when weekday (dataCaptura) = 5 then 'Sábado'
        when weekday (dataCaptura) = 6 then 'Domingo'
        else 0 end  as Dia_da_Semana, 
    count(datacaptura) as qtd
	from registro 
    where captura = 0
		group by Dia_da_Semana order by qtd desc;
        

-- MOSTRA TOTAL DE CAPTURA NOS DIAS DA SEMANA SOMADOS
        select Sensor.idsensor, count(datacaptura), sensor.*, setor.*,
	case 
		when weekday (dataCaptura) = 0 then 'Segunda-Feira'
        when weekday (dataCaptura) = 1 then 'Terça-Feira'
        when weekday (dataCaptura) = 2 then 'Quarta-Feira'
        when weekday (dataCaptura) = 3 then 'Quinta-Feira'
        when weekday (dataCaptura) = 4 then 'Sexta-Feira'
        when weekday (dataCaptura) = 5 then 'Sábado'
        when weekday (dataCaptura) = 6 then 'Domingo'
        else 0 end  as Dia_da_Semana, 
    count(datacaptura) as qtd
	from shopping join setor on idShopping = fkShopping join sensor on idSetor = fkSetor join registro on Sensor.idSensor = fkSensor where idShopping = 1
		group by Dia_da_Semana order by qtd desc ; 
        
    -- MOSTRA APENAS O MINIMO OU MAXIMO DAS CAPTURAS    
        select Sensor.idsensor, count(datacaptura), sensor.*, setor.*,
	case 
		when weekday (dataCaptura) = 0 then 'Segunda-Feira'
        when weekday (dataCaptura) = 1 then 'Terça-Feira'
        when weekday (dataCaptura) = 2 then 'Quarta-Feira'
        when weekday (dataCaptura) = 3 then 'Quinta-Feira'
        when weekday (dataCaptura) = 4 then 'Sexta-Feira'
        when weekday (dataCaptura) = 5 then 'Sábado'
        when weekday (dataCaptura) = 6 then 'Domingo'
        else 0 end  as Dia_da_Semana, 
    count(datacaptura) as qtd
	from shopping join setor on idShopping = fkShopping join sensor on idSetor = fkSetor join registro on Sensor.idSensor = fkSensor where idShopping = 1
		group by Dia_da_Semana order by count(captura) DESC limit 1; 
      
          -- MOSTRA APENAS O MINIMO OU MINIMO DAS CAPTURAS   
        select Sensor.idsensor, count(datacaptura), sensor.*, setor.*,
	case 
		when weekday (dataCaptura) = 0 then 'Segunda-Feira'
        when weekday (dataCaptura) = 1 then 'Terça-Feira'
        when weekday (dataCaptura) = 2 then 'Quarta-Feira'
        when weekday (dataCaptura) = 3 then 'Quinta-Feira'
        when weekday (dataCaptura) = 4 then 'Sexta-Feira'
        when weekday (dataCaptura) = 5 then 'Sábado'
        when weekday (dataCaptura) = 6 then 'Domingo'
        else 0 end  as Dia_da_Semana, 
    count(datacaptura) as qtd
	from shopping join setor on idShopping = fkShopping join sensor on idSetor = fkSetor join registro on Sensor.idSensor = fkSensor where idShopping = 1
		group by Dia_da_Semana order by count(captura) asc limit 1;

        -- DUAS FORMAS DE SE FAZER O SELECT PUXANDO MAX E MIN, UMA PUXA APENAS O RESULTADO E A OUTRA PUXA O RESULTADO COM O NOME DO SETOR
        select *,count(captura) from registro  where datacaptura = '2022-05-20';
select apelidoSetor ,count(captura) from registro join sensor on idSensor = fkSensor join setor on idSetor = fkSetor group by fkSensor order by count(captura) desc limit 1;
select apelidoSetor ,count(captura) from registro join sensor on idSensor = fkSensor join setor on idSetor = fkSetor group by fkSensor order by count(captura) asc limit 1;
-- SELECT PARA DEFINIR O SETOR MAIS UTILIZADO E MENOS UTILIZADO
select max(Registros) from (select count(captura) as Registros, apelidoSetor as Nome from shopping join setor on idShopping = fkshopping join sensor on idSetor = fkSetor join registro on idSensor = fkSensor group by apelidoSetor) as registros;
select min(Registros) from (select count(captura) as Registros, apelidoSetor as Nome from shopping join setor on idShopping = fkshopping join sensor on idSetor = fkSetor join registro on idSensor = fkSensor group by apelidoSetor) as registros;
 
